Job ID,Duration
Job_1,20
Job_2,98
Job_3,84
Job_4,41
Job_5,10
Job_6,2
Job_7,54
Job_8,93
Job_9,7
Job_10,86
Job_11,25
Job_12,13
Job_13,65
Job_14,72
Job_15,91
Job_16,88
Job_17,81
Job_18,66
Job_19,51
Job_20,48
Job_21,78
Job_22,87
Job_23,49
Job_24,4
Job_25,17
Job_26,84
Job_27,80
Job_28,22
Job_29,71
Job_30,97
Job_31,80
Job_32,86
Job_33,74
Job_34,35
Job_35,47
Job_36,7
Job_37,84
Job_38,6
Job_39,68
Job_40,75
Job_41,99
Job_42,1
Job_43,78
Job_44,95
Job_45,52
Job_46,28
Job_47,29
Job_48,45
Job_49,30
Job_50,10
Job_51,34
Job_52,55
Job_53,71
Job_54,14
Job_55,39
Job_56,97
Job_57,5
Job_58,39
Job_59,41
Job_60,52
Job_61,93
Job_62,45
Job_63,58
Job_64,26
Job_65,74
Job_66,4
Job_67,55
Job_68,96
Job_69,33
Job_70,82
Job_71,7
Job_72,76
Job_73,58
Job_74,96
Job_75,12
Job_76,42
Job_77,14
Job_78,22
Job_79,71
Job_80,81
Job_81,50
Job_82,32
Job_83,62
Job_84,29
Job_85,94
Job_86,52
Job_87,97
Job_88,43
Job_89,35
Job_90,55
Job_91,29
Job_92,37
Job_93,9
Job_94,23
Job_95,9
Job_96,59
Job_97,24
Job_98,92
Job_99,37
Job_100,74
Job_101,54
Job_102,36
Job_103,90
Job_104,56
Job_105,68
Job_106,82
Job_107,69
Job_108,50
Job_109,51
Job_110,84
Job_111,98
Job_112,5
Job_113,3
Job_114,81
Job_115,11
Job_116,27
Job_117,94
Job_118,62
Job_119,29
Job_120,61
Job_121,48
Job_122,10
Job_123,7
Job_124,63
Job_125,42
Job_126,79
Job_127,51
Job_128,49
Job_129,8
Job_130,99
Job_131,69
Job_132,10
Job_133,46
Job_134,23
Job_135,31
Job_136,64
Job_137,54
Job_138,86
Job_139,51
Job_140,81
Job_141,38
Job_142,78
Job_143,35
Job_144,43
Job_145,25
Job_146,60
Job_147,4
Job_148,55
Job_149,39
Job_150,100
Job_151,83
Job_152,10
Job_153,24
Job_154,5
Job_155,6
Job_156,23
Job_157,82
Job_158,67
Job_159,83
Job_160,71
Job_161,66
Job_162,35
Job_163,45
Job_164,10
Job_165,35
Job_166,29
Job_167,90
Job_168,32
Job_169,96
Job_170,24
Job_171,18
Job_172,11
Job_173,44
Job_174,87
Job_175,33
Job_176,19
Job_177,34
Job_178,81
Job_179,45
Job_180,97
Job_181,93
Job_182,11
Job_183,38
Job_184,84
Job_185,51
Job_186,25
Job_187,16
Job_188,16
Job_189,76
Job_190,70
Job_191,52
Job_192,27
Job_193,83
Job_194,84
Job_195,36
Job_196,4
Job_197,31
Job_198,47
Job_199,66
Job_200,32
Job_201,34
Job_202,21
Job_203,48
Job_204,34
Job_205,31
Job_206,61
Job_207,3
Job_208,6
Job_209,37
Job_210,12
Job_211,94
Job_212,98
Job_213,54
Job_214,18
Job_215,70
Job_216,74
Job_217,35
Job_218,15
Job_219,48
Job_220,61
Job_221,81
Job_222,95
Job_223,63
Job_224,74
Job_225,80
Job_226,76
Job_227,1
Job_228,85
Job_229,98
Job_230,16
Job_231,94
Job_232,55
Job_233,55
Job_234,89
Job_235,4
Job_236,80
Job_237,27
Job_238,13
Job_239,3
Job_240,98
Job_241,51
Job_242,92
Job_243,41
Job_244,44
Job_245,84
Job_246,14
Job_247,6
Job_248,76
Job_249,98
Job_250,89
Job_251,87
Job_252,4
Job_253,55
Job_254,74
Job_255,86
Job_256,96
Job_257,46
Job_258,72
Job_259,30
Job_260,12
Job_261,28
Job_262,75
Job_263,18
Job_264,56
Job_265,82
Job_266,29
Job_267,76
Job_268,23
Job_269,48
Job_270,92
Job_271,86
Job_272,64
Job_273,41
Job_274,49
Job_275,33
Job_276,62
Job_277,11
Job_278,48
Job_279,44
Job_280,29
Job_281,13
Job_282,15
Job_283,24
Job_284,36
Job_285,15
Job_286,66
Job_287,94
Job_288,7
Job_289,90
Job_290,98
Job_291,74
Job_292,93
Job_293,28
Job_294,52
Job_295,8
Job_296,75
Job_297,26
Job_298,55
Job_299,64
Job_300,23
Job_301,48
Job_302,64
Job_303,87
Job_304,88
Job_305,65
Job_306,97
Job_307,92
Job_308,2
Job_309,78
Job_310,43
Job_311,18
Job_312,11
Job_313,54
Job_314,15
Job_315,11
Job_316,37
Job_317,17
Job_318,25
Job_319,63
Job_320,6
Job_321,52
Job_322,9
Job_323,60
Job_324,62
Job_325,94
Job_326,71
Job_327,87
Job_328,59
Job_329,15
Job_330,88
Job_331,100
Job_332,23
Job_333,7
Job_334,9
Job_335,8
Job_336,24
Job_337,92
Job_338,57
Job_339,17
Job_340,52
Job_341,23
Job_342,14
Job_343,93
Job_344,58
Job_345,88
Job_346,79
Job_347,45
Job_348,35
Job_349,79
Job_350,24
Job_351,53
Job_352,96
Job_353,21
Job_354,12
Job_355,48
Job_356,66
Job_357,65
Job_358,1
Job_359,49
Job_360,48
Job_361,72
Job_362,83
Job_363,13
Job_364,7
Job_365,4
Job_366,42
Job_367,52
Job_368,52
Job_369,49
Job_370,82
Job_371,23
Job_372,36
Job_373,43
Job_374,39
Job_375,66
Job_376,18
Job_377,68
Job_378,84
Job_379,98
Job_380,53
Job_381,78
Job_382,10
Job_383,40
Job_384,96
Job_385,33
Job_386,43
Job_387,31
Job_388,85
Job_389,85
Job_390,11
Job_391,1
Job_392,3
Job_393,25
Job_394,97
Job_395,89
Job_396,4
Job_397,55
Job_398,15
Job_399,85
Job_400,61
Job_401,22
Job_402,90
Job_403,42
Job_404,83
Job_405,74
Job_406,17
Job_407,17
Job_408,18
Job_409,21
Job_410,53
Job_411,76
Job_412,22
Job_413,71
Job_414,64
Job_415,90
Job_416,2
Job_417,76
Job_418,82
Job_419,9
Job_420,2
Job_421,92
Job_422,58
Job_423,78
Job_424,98
Job_425,62
Job_426,95
Job_427,85
Job_428,27
Job_429,93
Job_430,7
Job_431,47
Job_432,18
Job_433,93
Job_434,86
Job_435,44
Job_436,95
Job_437,33
Job_438,53
Job_439,11
Job_440,51
Job_441,22
Job_442,69
Job_443,36
Job_444,62
Job_445,7
Job_446,47
Job_447,98
Job_448,51
Job_449,35
Job_450,8
Job_451,58
Job_452,78
Job_453,82
Job_454,17
Job_455,85
Job_456,58
Job_457,93
Job_458,80
Job_459,33
Job_460,53
Job_461,18
Job_462,73
Job_463,22
Job_464,21
Job_465,92
Job_466,84
Job_467,2
Job_468,58
Job_469,86
Job_470,50
Job_471,45
Job_472,73
Job_473,11
Job_474,30
Job_475,20
Job_476,38
Job_477,92
Job_478,88
Job_479,3
Job_480,18
Job_481,42
Job_482,23
Job_483,32
Job_484,78
Job_485,2
Job_486,7
Job_487,65
Job_488,3
Job_489,92
Job_490,23
Job_491,32
Job_492,63
Job_493,44
Job_494,81
Job_495,12
Job_496,68
Job_497,6
Job_498,35
Job_499,49
Job_500,89
Job_501,42
Job_502,68
Job_503,66
Job_504,87
Job_505,4
Job_506,8
Job_507,9
Job_508,47
Job_509,8
Job_510,97
Job_511,76
Job_512,37
Job_513,15
Job_514,80
Job_515,79
Job_516,78
Job_517,9
Job_518,84
Job_519,42
Job_520,18
Job_521,19
Job_522,53
Job_523,26
Job_524,77
Job_525,58
Job_526,72
Job_527,50
Job_528,27
Job_529,58
Job_530,96
Job_531,55
Job_532,3
Job_533,38
Job_534,33
Job_535,13
Job_536,53
Job_537,32
Job_538,95
Job_539,53
Job_540,91
Job_541,50
Job_542,40
Job_543,42
Job_544,97
Job_545,13
Job_546,95
Job_547,1
Job_548,95
Job_549,31
Job_550,3
Job_551,50
Job_552,48
Job_553,37
Job_554,3
Job_555,29
Job_556,82
Job_557,21
Job_558,69
Job_559,86
Job_560,64
Job_561,9
Job_562,98
Job_563,27
Job_564,16
Job_565,6
Job_566,28
Job_567,17
Job_568,4
Job_569,97
Job_570,2
Job_571,15
Job_572,23
Job_573,8
Job_574,99
Job_575,84
Job_576,61
Job_577,10
Job_578,65
Job_579,1
Job_580,25
Job_581,65
Job_582,52
Job_583,42
Job_584,5
Job_585,55
Job_586,16
Job_587,94
Job_588,77
Job_589,85
Job_590,47
Job_591,63
Job_592,41
Job_593,31
Job_594,25
Job_595,86
Job_596,81
Job_597,39
Job_598,36
Job_599,72
Job_600,81
Job_601,72
Job_602,46
Job_603,83
Job_604,21
Job_605,53
Job_606,22
Job_607,12
Job_608,94
Job_609,37
Job_610,94
Job_611,21
Job_612,82
Job_613,68
Job_614,85
Job_615,33
Job_616,92
Job_617,59
Job_618,65
Job_619,21
Job_620,32
Job_621,15
Job_622,80
Job_623,97
Job_624,88
Job_625,7
Job_626,79
Job_627,87
Job_628,37
Job_629,89
Job_630,100
Job_631,22
Job_632,28
Job_633,58
Job_634,55
Job_635,90
Job_636,29
Job_637,87
Job_638,57
Job_639,19
Job_640,89
Job_641,20
Job_642,69
Job_643,48
Job_644,7
Job_645,88
Job_646,3
Job_647,22
Job_648,52
Job_649,35
Job_650,19
Job_651,23
Job_652,97
Job_653,21
Job_654,78
Job_655,64
Job_656,16
Job_657,79
Job_658,18
Job_659,66
Job_660,3
Job_661,77
Job_662,86
Job_663,72
Job_664,8
Job_665,32
Job_666,82
Job_667,75
Job_668,72
Job_669,41
Job_670,54
Job_671,44
Job_672,34
Job_673,72
Job_674,87
Job_675,3
Job_676,37
Job_677,85
Job_678,70
Job_679,42
Job_680,90
Job_681,51
Job_682,94
Job_683,69
Job_684,26
Job_685,25
Job_686,77
Job_687,39
Job_688,68
Job_689,31
Job_690,22
Job_691,27
Job_692,27
Job_693,27
Job_694,23
Job_695,5
Job_696,93
Job_697,85
Job_698,7
Job_699,21
Job_700,96
Job_701,41
Job_702,26
Job_703,41
Job_704,55
Job_705,78
Job_706,90
Job_707,29
Job_708,15
Job_709,73
Job_710,72
Job_711,17
Job_712,91
Job_713,48
Job_714,32
Job_715,42
Job_716,83
Job_717,24
Job_718,5
Job_719,67
Job_720,68
Job_721,11
Job_722,72
Job_723,17
Job_724,1
Job_725,42
Job_726,74
Job_727,92
Job_728,76
Job_729,66
Job_730,18
Job_731,77
Job_732,75
Job_733,67
Job_734,81
Job_735,86
Job_736,73
Job_737,89
Job_738,61
Job_739,45
Job_740,80
Job_741,52
Job_742,18
Job_743,4
Job_744,49
Job_745,13
Job_746,49
Job_747,89
Job_748,70
Job_749,69
Job_750,100
Job_751,23
Job_752,42
Job_753,57
Job_754,29
Job_755,31
Job_756,75
Job_757,31
Job_758,82
Job_759,47
Job_760,12
Job_761,83
Job_762,37
Job_763,84
Job_764,87
Job_765,33
Job_766,49
Job_767,63
Job_768,41
Job_769,14
Job_770,27
Job_771,49
Job_772,21
Job_773,44
Job_774,49
Job_775,100
Job_776,99
Job_777,81
Job_778,60
Job_779,12
Job_780,53
Job_781,94
Job_782,95
Job_783,48
Job_784,20
Job_785,97
Job_786,58
Job_787,85
Job_788,71
Job_789,15
Job_790,16
Job_791,45
Job_792,93
Job_793,100
Job_794,9
Job_795,59
Job_796,36
Job_797,80
Job_798,65
Job_799,70
Job_800,33
Job_801,11
Job_802,7
Job_803,42
Job_804,31
Job_805,78
Job_806,92
Job_807,8
Job_808,63
Job_809,91
Job_810,96
Job_811,96
Job_812,29
Job_813,98
Job_814,49
Job_815,96
Job_816,13
Job_817,95
Job_818,60
Job_819,25
Job_820,88
Job_821,16
Job_822,38
Job_823,90
Job_824,71
Job_825,10
Job_826,58
Job_827,40
Job_828,20
Job_829,15
Job_830,29
Job_831,30
Job_832,73
Job_833,64
Job_834,85
Job_835,14
Job_836,28
Job_837,19
Job_838,82
Job_839,33
Job_840,81
Job_841,79
Job_842,71
Job_843,18
Job_844,77
Job_845,44
Job_846,30
Job_847,27
Job_848,30
Job_849,18
Job_850,19
Job_851,98
Job_852,49
Job_853,65
Job_854,43
Job_855,11
Job_856,6
Job_857,15
Job_858,37
Job_859,45
Job_860,40
Job_861,82
Job_862,13
Job_863,93
Job_864,71
Job_865,19
Job_866,8
Job_867,74
Job_868,65
Job_869,43
Job_870,60
Job_871,32
Job_872,76
Job_873,11
Job_874,85
Job_875,19
Job_876,74
Job_877,28
Job_878,7
Job_879,42
Job_880,13
Job_881,70
Job_882,42
Job_883,40
Job_884,34
Job_885,41
Job_886,3
Job_887,92
Job_888,53
Job_889,34
Job_890,58
Job_891,50
Job_892,39
Job_893,14
Job_894,61
Job_895,53
Job_896,62
Job_897,4
Job_898,98
Job_899,93
Job_900,41
Job_901,46
Job_902,81
Job_903,75
Job_904,59
Job_905,29
Job_906,60
Job_907,1
Job_908,98
Job_909,43
Job_910,40
Job_911,78
Job_912,87
Job_913,3
Job_914,24
Job_915,48
Job_916,52
Job_917,89
Job_918,15
Job_919,30
Job_920,9
Job_921,73
Job_922,31
Job_923,11
Job_924,42
Job_925,73
Job_926,15
Job_927,23
Job_928,90
Job_929,47
Job_930,47
Job_931,35
Job_932,95
Job_933,65
Job_934,7
Job_935,9
Job_936,27
Job_937,56
Job_938,59
Job_939,12
Job_940,26
Job_941,24
Job_942,85
Job_943,21
Job_944,67
Job_945,86
Job_946,60
Job_947,57
Job_948,19
Job_949,82
Job_950,31
Job_951,76
Job_952,65
Job_953,42
Job_954,8
Job_955,45
Job_956,46
Job_957,69
Job_958,41
Job_959,85
Job_960,50
Job_961,4
Job_962,13
Job_963,59
Job_964,78
Job_965,66
Job_966,65
Job_967,17
Job_968,20
Job_969,19
Job_970,100
Job_971,40
Job_972,28
Job_973,18
Job_974,33
Job_975,92
Job_976,97
Job_977,57
Job_978,58
Job_979,96
Job_980,50
Job_981,78
Job_982,86
Job_983,71
Job_984,49
Job_985,39
Job_986,65
Job_987,16
Job_988,90
Job_989,76
Job_990,60
Job_991,18
Job_992,26
Job_993,48
Job_994,2
Job_995,45
Job_996,11
Job_997,19
Job_998,79
Job_999,66
Job_1000,23
Job_1001,27
Job_1002,80
Job_1003,90
Job_1004,66
Job_1005,20
Job_1006,99
Job_1007,91
Job_1008,96
Job_1009,100
Job_1010,81
Job_1011,48
Job_1012,43
Job_1013,56
Job_1014,5
Job_1015,62
Job_1016,72
Job_1017,36
Job_1018,34
Job_1019,71
Job_1020,96
Job_1021,69
Job_1022,23
Job_1023,30
Job_1024,86
Job_1025,41
Job_1026,29
Job_1027,22
Job_1028,96
Job_1029,100
Job_1030,81
Job_1031,75
Job_1032,12
Job_1033,32
Job_1034,74
Job_1035,22
Job_1036,94
Job_1037,67
Job_1038,80
Job_1039,46
Job_1040,45
Job_1041,10
Job_1042,13
Job_1043,61
Job_1044,47
Job_1045,83
Job_1046,39
Job_1047,4
Job_1048,98
Job_1049,72
Job_1050,84
Job_1051,61
Job_1052,63
Job_1053,10
Job_1054,46
Job_1055,25
Job_1056,77
Job_1057,32
Job_1058,16
Job_1059,87
Job_1060,80
Job_1061,79
Job_1062,42
Job_1063,18
Job_1064,26
Job_1065,39
Job_1066,97
Job_1067,83
Job_1068,75
Job_1069,99
Job_1070,21
Job_1071,35
Job_1072,16
Job_1073,90
Job_1074,38
Job_1075,55
Job_1076,10
Job_1077,69
Job_1078,6
Job_1079,48
Job_1080,90
Job_1081,46
Job_1082,24
Job_1083,42
Job_1084,22
Job_1085,15
Job_1086,3
Job_1087,49
Job_1088,42
Job_1089,64
Job_1090,21
Job_1091,35
Job_1092,42
Job_1093,78
Job_1094,35
Job_1095,39
Job_1096,29
Job_1097,97
Job_1098,73
Job_1099,39
Job_1100,89
Job_1101,83
Job_1102,72
Job_1103,24
Job_1104,65
Job_1105,33
Job_1106,62
Job_1107,24
Job_1108,91
Job_1109,22
Job_1110,45
Job_1111,28
Job_1112,12
Job_1113,4
Job_1114,18
Job_1115,99
Job_1116,27
Job_1117,55
Job_1118,68
Job_1119,82
Job_1120,26
Job_1121,51
Job_1122,43
Job_1123,93
Job_1124,33
Job_1125,94
Job_1126,57
Job_1127,94
Job_1128,63
Job_1129,54
Job_1130,39
Job_1131,87
Job_1132,6
Job_1133,20
Job_1134,28
Job_1135,59
Job_1136,24
Job_1137,60
Job_1138,95
Job_1139,83
Job_1140,74
Job_1141,74
Job_1142,45
Job_1143,57
Job_1144,67
Job_1145,4
Job_1146,22
Job_1147,28
Job_1148,94
Job_1149,87
Job_1150,31
Job_1151,24
Job_1152,89
Job_1153,93
Job_1154,67
Job_1155,54
Job_1156,71
Job_1157,55
Job_1158,78
Job_1159,90
Job_1160,26
Job_1161,85
Job_1162,32
Job_1163,30
Job_1164,32
Job_1165,6
Job_1166,23
Job_1167,80
Job_1168,60
Job_1169,71
Job_1170,20
Job_1171,24
Job_1172,44
Job_1173,22
Job_1174,51
Job_1175,92
Job_1176,98
Job_1177,10
Job_1178,14
Job_1179,44
Job_1180,58
Job_1181,46
Job_1182,3
Job_1183,69
Job_1184,73
Job_1185,99
Job_1186,19
Job_1187,1
Job_1188,100
Job_1189,66
Job_1190,87
Job_1191,32
Job_1192,31
Job_1193,17
Job_1194,76
Job_1195,40
Job_1196,24
Job_1197,85
Job_1198,30
Job_1199,32
Job_1200,26
Job_1201,6
Job_1202,76
Job_1203,1
Job_1204,72
Job_1205,75
Job_1206,59
Job_1207,30
Job_1208,30
Job_1209,58
Job_1210,20
Job_1211,63
Job_1212,67
Job_1213,31
Job_1214,66
Job_1215,33
Job_1216,68
Job_1217,10
Job_1218,100
Job_1219,4
Job_1220,97
Job_1221,92
Job_1222,69
Job_1223,14
Job_1224,25
Job_1225,43
Job_1226,98
Job_1227,77
Job_1228,100
Job_1229,63
Job_1230,46
Job_1231,25
Job_1232,76
Job_1233,35
Job_1234,55
Job_1235,20
Job_1236,12
Job_1237,20
Job_1238,26
Job_1239,18
Job_1240,11
Job_1241,54
Job_1242,48
Job_1243,90
Job_1244,55
Job_1245,86
Job_1246,44
Job_1247,48
Job_1248,30
Job_1249,45
Job_1250,87
Job_1251,14
Job_1252,79
Job_1253,56
Job_1254,14
Job_1255,36
Job_1256,90
Job_1257,80
Job_1258,22
Job_1259,87
Job_1260,64
Job_1261,72
Job_1262,98
Job_1263,61
Job_1264,63
Job_1265,11
Job_1266,54
Job_1267,38
Job_1268,9
Job_1269,78
Job_1270,22
Job_1271,18
Job_1272,60
Job_1273,72
Job_1274,10
Job_1275,47
Job_1276,78
Job_1277,89
Job_1278,51
Job_1279,81
Job_1280,18
Job_1281,46
Job_1282,55
Job_1283,7
Job_1284,18
Job_1285,52
Job_1286,42
Job_1287,36
Job_1288,95
Job_1289,36
Job_1290,25
Job_1291,86
Job_1292,36
Job_1293,71
Job_1294,71
Job_1295,92
Job_1296,93
Job_1297,21
Job_1298,24
Job_1299,88
Job_1300,73
Job_1301,75
Job_1302,53
Job_1303,68
Job_1304,44
Job_1305,39
Job_1306,5
Job_1307,1
Job_1308,13
Job_1309,31
Job_1310,38
Job_1311,11
Job_1312,8
Job_1313,22
Job_1314,61
Job_1315,26
Job_1316,3
Job_1317,83
Job_1318,52
Job_1319,95
Job_1320,8
Job_1321,45
Job_1322,94
Job_1323,94
Job_1324,39
Job_1325,83
Job_1326,92
Job_1327,64
Job_1328,66
Job_1329,74
Job_1330,10
Job_1331,41
Job_1332,7
Job_1333,94
Job_1334,6
Job_1335,60
Job_1336,36
Job_1337,84
Job_1338,29
Job_1339,56
Job_1340,100
Job_1341,54
Job_1342,70
Job_1343,68
Job_1344,27
Job_1345,92
Job_1346,44
Job_1347,77
Job_1348,95
Job_1349,46
Job_1350,86
Job_1351,80
Job_1352,58
Job_1353,41
Job_1354,1
Job_1355,7
Job_1356,92
Job_1357,65
Job_1358,7
Job_1359,20
Job_1360,90
Job_1361,79
Job_1362,77
Job_1363,64
Job_1364,96
Job_1365,24
Job_1366,77
Job_1367,19
Job_1368,89
Job_1369,83
Job_1370,7
Job_1371,90
Job_1372,25
Job_1373,78
Job_1374,30
Job_1375,73
Job_1376,15
Job_1377,11
Job_1378,96
Job_1379,6
Job_1380,90
Job_1381,100
Job_1382,97
Job_1383,13
Job_1384,93
Job_1385,78
Job_1386,9
Job_1387,53
Job_1388,20
Job_1389,85
Job_1390,73
Job_1391,75
Job_1392,24
Job_1393,55
Job_1394,62
Job_1395,22
Job_1396,21
Job_1397,86
Job_1398,75
Job_1399,90
Job_1400,40
Job_1401,97
Job_1402,35
Job_1403,96
Job_1404,12
Job_1405,7
Job_1406,72
Job_1407,41
Job_1408,18
Job_1409,95
Job_1410,93
Job_1411,38
Job_1412,65
Job_1413,86
Job_1414,15
Job_1415,46
Job_1416,50
Job_1417,63
Job_1418,9
Job_1419,95
Job_1420,1
Job_1421,71
Job_1422,68
Job_1423,7
Job_1424,48
Job_1425,30
Job_1426,40
Job_1427,88
Job_1428,6
Job_1429,53
Job_1430,59
Job_1431,62
Job_1432,18
Job_1433,10
Job_1434,78
Job_1435,41
Job_1436,5
Job_1437,71
Job_1438,50
Job_1439,44
Job_1440,17
Job_1441,8
Job_1442,73
Job_1443,40
Job_1444,13
Job_1445,49
Job_1446,44
Job_1447,45
Job_1448,18
Job_1449,39
Job_1450,65
Job_1451,6
Job_1452,46
Job_1453,27
Job_1454,85
Job_1455,87
Job_1456,28
Job_1457,87
Job_1458,92
Job_1459,8
Job_1460,22
Job_1461,35
Job_1462,13
Job_1463,84
Job_1464,16
Job_1465,1
Job_1466,7
Job_1467,96
Job_1468,58
Job_1469,14
Job_1470,50
Job_1471,26
Job_1472,40
Job_1473,1
Job_1474,11
Job_1475,81
Job_1476,79
Job_1477,74
Job_1478,84
Job_1479,7
Job_1480,100
Job_1481,54
Job_1482,12
Job_1483,78
Job_1484,1
Job_1485,94
Job_1486,94
Job_1487,11
Job_1488,94
Job_1489,31
Job_1490,31
Job_1491,86
Job_1492,79
Job_1493,88
Job_1494,31
Job_1495,9
Job_1496,84
Job_1497,15
Job_1498,24
Job_1499,59
Job_1500,48
Job_1501,54
Job_1502,26
Job_1503,86
Job_1504,24
Job_1505,26
Job_1506,5
Job_1507,5
Job_1508,15
Job_1509,1
Job_1510,93
Job_1511,36
Job_1512,17
Job_1513,74
Job_1514,89
Job_1515,65
Job_1516,29
Job_1517,29
Job_1518,65
Job_1519,59
Job_1520,17
Job_1521,89
Job_1522,52
Job_1523,74
Job_1524,13
Job_1525,65
Job_1526,42
Job_1527,25
Job_1528,87
Job_1529,56
Job_1530,73
Job_1531,74
Job_1532,25
Job_1533,68
Job_1534,1
Job_1535,40
Job_1536,94
Job_1537,43
Job_1538,56
Job_1539,69
Job_1540,66
Job_1541,56
Job_1542,99
Job_1543,60
Job_1544,91
Job_1545,96
Job_1546,40
Job_1547,19
Job_1548,98
Job_1549,28
Job_1550,9
Job_1551,26
Job_1552,33
Job_1553,55
Job_1554,59
Job_1555,89
Job_1556,30
Job_1557,17
Job_1558,50
Job_1559,39
Job_1560,4
Job_1561,36
Job_1562,59
Job_1563,82
Job_1564,12
Job_1565,96
Job_1566,92
Job_1567,81
Job_1568,49
Job_1569,63
Job_1570,18
Job_1571,97
Job_1572,73
Job_1573,20
Job_1574,51
Job_1575,58
Job_1576,93
Job_1577,35
Job_1578,48
Job_1579,56
Job_1580,22
Job_1581,38
Job_1582,3
Job_1583,30
Job_1584,42
Job_1585,72
Job_1586,8
Job_1587,46
Job_1588,69
Job_1589,57
Job_1590,1
Job_1591,59
Job_1592,84
Job_1593,48
Job_1594,38
Job_1595,11
Job_1596,21
Job_1597,79
Job_1598,52
Job_1599,29
Job_1600,55
Job_1601,34
Job_1602,33
Job_1603,29
Job_1604,48
Job_1605,75
Job_1606,81
Job_1607,43
Job_1608,80
Job_1609,24
Job_1610,32
Job_1611,5
Job_1612,49
Job_1613,57
Job_1614,13
Job_1615,25
Job_1616,60
Job_1617,26
Job_1618,31
Job_1619,76
Job_1620,53
Job_1621,6
Job_1622,77
Job_1623,22
Job_1624,85
Job_1625,30
Job_1626,86
Job_1627,21
Job_1628,6
Job_1629,65
Job_1630,37
Job_1631,6
Job_1632,56
Job_1633,47
Job_1634,69
Job_1635,11
Job_1636,34
Job_1637,90
Job_1638,24
Job_1639,8
Job_1640,86
Job_1641,35
Job_1642,23
Job_1643,9
Job_1644,45
Job_1645,94
Job_1646,12
Job_1647,42
Job_1648,29
Job_1649,11
Job_1650,45
Job_1651,68
Job_1652,16
Job_1653,5
Job_1654,82
Job_1655,82
Job_1656,92
Job_1657,83
Job_1658,55
Job_1659,11
Job_1660,28
Job_1661,3
Job_1662,42
Job_1663,22
Job_1664,34
Job_1665,10
Job_1666,51
Job_1667,4
Job_1668,54
Job_1669,2
Job_1670,76
Job_1671,97
Job_1672,85
Job_1673,99
Job_1674,67
Job_1675,51
Job_1676,54
Job_1677,5
Job_1678,12
Job_1679,16
Job_1680,56
Job_1681,25
Job_1682,64
Job_1683,42
Job_1684,51
Job_1685,72
Job_1686,1
Job_1687,98
Job_1688,24
Job_1689,62
Job_1690,26
Job_1691,67
Job_1692,65
Job_1693,58
Job_1694,35
Job_1695,54
Job_1696,50
Job_1697,49
Job_1698,28
Job_1699,53
Job_1700,95
Job_1701,78
Job_1702,27
Job_1703,23
Job_1704,20
Job_1705,11
Job_1706,53
Job_1707,93
Job_1708,21
Job_1709,56
Job_1710,35
Job_1711,54
Job_1712,5
Job_1713,70
Job_1714,35
Job_1715,24
Job_1716,30
Job_1717,100
Job_1718,92
Job_1719,95
Job_1720,35
Job_1721,17
Job_1722,20
Job_1723,16
Job_1724,1
Job_1725,49
Job_1726,11
Job_1727,10
Job_1728,8
Job_1729,95
Job_1730,13
Job_1731,54
Job_1732,17
Job_1733,29
Job_1734,47
Job_1735,33
Job_1736,45
Job_1737,69
Job_1738,90
Job_1739,97
Job_1740,29
Job_1741,44
Job_1742,14
Job_1743,93
Job_1744,26
Job_1745,28
Job_1746,97
Job_1747,75
Job_1748,26
Job_1749,1
Job_1750,49
Job_1751,35
Job_1752,25
Job_1753,69
Job_1754,64
Job_1755,23
Job_1756,62
Job_1757,39
Job_1758,23
Job_1759,88
Job_1760,10
Job_1761,68
Job_1762,71
Job_1763,32
Job_1764,68
Job_1765,46
Job_1766,33
Job_1767,21
Job_1768,4
Job_1769,25
Job_1770,97
Job_1771,7
Job_1772,80
Job_1773,48
Job_1774,30
Job_1775,22
Job_1776,26
Job_1777,98
Job_1778,63
Job_1779,40
Job_1780,75
Job_1781,40
Job_1782,68
Job_1783,100
Job_1784,68
Job_1785,30
Job_1786,98
Job_1787,10
Job_1788,60
Job_1789,93
Job_1790,45
Job_1791,10
Job_1792,84
Job_1793,81
Job_1794,9
Job_1795,36
Job_1796,60
Job_1797,38
Job_1798,4
Job_1799,87
Job_1800,97
Job_1801,72
Job_1802,28
Job_1803,21
Job_1804,98
Job_1805,19
Job_1806,13
Job_1807,25
Job_1808,97
Job_1809,51
Job_1810,31
Job_1811,62
Job_1812,40
Job_1813,61
Job_1814,77
Job_1815,90
Job_1816,66
Job_1817,45
Job_1818,86
Job_1819,74
Job_1820,34
Job_1821,93
Job_1822,67
Job_1823,57
Job_1824,22
Job_1825,47
Job_1826,97
Job_1827,83
Job_1828,39
Job_1829,28
Job_1830,40
Job_1831,92
Job_1832,52
Job_1833,67
Job_1834,74
Job_1835,80
Job_1836,60
Job_1837,8
Job_1838,44
Job_1839,57
Job_1840,49
Job_1841,35
Job_1842,2
Job_1843,100
Job_1844,3
Job_1845,9
Job_1846,19
Job_1847,95
Job_1848,71
Job_1849,77
Job_1850,44
Job_1851,73
Job_1852,19
Job_1853,66
Job_1854,21
Job_1855,12
Job_1856,27
Job_1857,3
Job_1858,63
Job_1859,40
Job_1860,13
Job_1861,6
Job_1862,44
Job_1863,68
Job_1864,33
Job_1865,89
Job_1866,4
Job_1867,97
Job_1868,2
Job_1869,1
Job_1870,79
Job_1871,92
Job_1872,43
Job_1873,68
Job_1874,7
Job_1875,39
Job_1876,90
Job_1877,16
Job_1878,71
Job_1879,30
Job_1880,44
Job_1881,78
Job_1882,86
Job_1883,60
Job_1884,52
Job_1885,6
Job_1886,27
Job_1887,44
Job_1888,40
Job_1889,6
Job_1890,32
Job_1891,84
Job_1892,3
Job_1893,80
Job_1894,52
Job_1895,61
Job_1896,68
Job_1897,65
Job_1898,2
Job_1899,85
Job_1900,44
Job_1901,95
Job_1902,91
Job_1903,49
Job_1904,87
Job_1905,55
Job_1906,43
Job_1907,5
Job_1908,70
Job_1909,100
Job_1910,65
Job_1911,19
Job_1912,90
Job_1913,3
Job_1914,100
Job_1915,88
Job_1916,45
Job_1917,26
Job_1918,18
Job_1919,57
Job_1920,92
Job_1921,36
Job_1922,86
Job_1923,79
Job_1924,22
Job_1925,88
Job_1926,66
Job_1927,21
Job_1928,85
Job_1929,44
Job_1930,27
Job_1931,20
Job_1932,43
Job_1933,12
Job_1934,18
Job_1935,9
Job_1936,78
Job_1937,97
Job_1938,4
Job_1939,30
Job_1940,52
Job_1941,81
Job_1942,62
Job_1943,24
Job_1944,11
Job_1945,65
Job_1946,46
Job_1947,79
Job_1948,30
Job_1949,82
Job_1950,9
Job_1951,23
Job_1952,84
Job_1953,100
Job_1954,70
Job_1955,29
Job_1956,43
Job_1957,66
Job_1958,14
Job_1959,47
Job_1960,75
Job_1961,2
Job_1962,78
Job_1963,26
Job_1964,44
Job_1965,19
Job_1966,61
Job_1967,49
Job_1968,6
Job_1969,61
Job_1970,94
Job_1971,23
Job_1972,74
Job_1973,96
Job_1974,5
Job_1975,54
Job_1976,5
Job_1977,65
Job_1978,18
Job_1979,76
Job_1980,80
Job_1981,40
Job_1982,16
Job_1983,32
Job_1984,62
Job_1985,65
Job_1986,33
Job_1987,77
Job_1988,51
Job_1989,93
Job_1990,78
Job_1991,44
Job_1992,5
Job_1993,37
Job_1994,21
Job_1995,47
Job_1996,89
Job_1997,87
Job_1998,62
Job_1999,4
Job_2000,6
Job_2001,39
Job_2002,88
Job_2003,76
Job_2004,82
Job_2005,61
Job_2006,38
Job_2007,99
Job_2008,22
Job_2009,62
Job_2010,24
Job_2011,96
Job_2012,93
Job_2013,25
Job_2014,95
Job_2015,25
Job_2016,63
Job_2017,30
Job_2018,43
Job_2019,48
Job_2020,95
Job_2021,35
Job_2022,35
Job_2023,60
Job_2024,4
Job_2025,30
Job_2026,14
Job_2027,48
Job_2028,22
Job_2029,100
Job_2030,49
Job_2031,39
Job_2032,11
Job_2033,8
Job_2034,54
Job_2035,53
Job_2036,8
Job_2037,21
Job_2038,75
Job_2039,77
Job_2040,5
Job_2041,93
Job_2042,57
Job_2043,13
Job_2044,34
Job_2045,71
Job_2046,77
Job_2047,20
Job_2048,73
Job_2049,19
Job_2050,13
Job_2051,97
Job_2052,32
Job_2053,26
Job_2054,72
Job_2055,52
Job_2056,9
Job_2057,66
Job_2058,33
Job_2059,52
Job_2060,18
Job_2061,67
Job_2062,7
Job_2063,99
Job_2064,87
Job_2065,88
Job_2066,72
Job_2067,64
Job_2068,62
Job_2069,21
Job_2070,92
Job_2071,7
Job_2072,29
Job_2073,63
Job_2074,67
Job_2075,38
Job_2076,26
Job_2077,26
Job_2078,91
Job_2079,9
Job_2080,68
Job_2081,85
Job_2082,3
Job_2083,75
Job_2084,56
Job_2085,62
Job_2086,48
Job_2087,53
Job_2088,27
Job_2089,60
Job_2090,53
Job_2091,71
Job_2092,43
Job_2093,5
Job_2094,92
Job_2095,15
Job_2096,71
Job_2097,25
Job_2098,62
Job_2099,32
Job_2100,58
Job_2101,21
Job_2102,87
Job_2103,38
Job_2104,84
Job_2105,88
Job_2106,60
Job_2107,25
Job_2108,47
Job_2109,64
Job_2110,62
Job_2111,98
Job_2112,45
Job_2113,98
Job_2114,89
Job_2115,67
Job_2116,27
Job_2117,97
Job_2118,88
Job_2119,35
Job_2120,88
Job_2121,97
Job_2122,56
Job_2123,19
Job_2124,37
Job_2125,35
Job_2126,50
Job_2127,82
Job_2128,86
Job_2129,31
Job_2130,35
Job_2131,40
Job_2132,19
Job_2133,43
Job_2134,63
Job_2135,82
Job_2136,32
Job_2137,38
Job_2138,99
Job_2139,47
Job_2140,73
Job_2141,65
Job_2142,86
Job_2143,5
Job_2144,62
Job_2145,44
Job_2146,16
Job_2147,24
Job_2148,39
Job_2149,3
Job_2150,36
Job_2151,1
Job_2152,45
Job_2153,42
Job_2154,33
Job_2155,95
Job_2156,60
Job_2157,77
Job_2158,58
Job_2159,94
Job_2160,33
Job_2161,90
Job_2162,54
Job_2163,82
Job_2164,30
Job_2165,2
Job_2166,15
Job_2167,94
Job_2168,79
Job_2169,52
Job_2170,55
Job_2171,63
Job_2172,69
Job_2173,24
Job_2174,45
Job_2175,38
Job_2176,26
Job_2177,67
Job_2178,52
Job_2179,7
Job_2180,79
Job_2181,51
Job_2182,5
Job_2183,73
Job_2184,99
Job_2185,37
Job_2186,57
Job_2187,13
Job_2188,90
Job_2189,10
Job_2190,62
Job_2191,11
Job_2192,35
Job_2193,14
Job_2194,100
Job_2195,40
Job_2196,21
Job_2197,87
Job_2198,46
Job_2199,78
Job_2200,77
Job_2201,99
Job_2202,59
Job_2203,77
Job_2204,81
Job_2205,79
Job_2206,23
Job_2207,84
Job_2208,46
Job_2209,73
Job_2210,91
Job_2211,70
Job_2212,25
Job_2213,54
Job_2214,28
Job_2215,97
Job_2216,50
Job_2217,41
Job_2218,68
Job_2219,100
Job_2220,8
Job_2221,62
Job_2222,77
Job_2223,10
Job_2224,25
Job_2225,29
Job_2226,65
Job_2227,41
Job_2228,3
Job_2229,25
Job_2230,41
Job_2231,52
Job_2232,35
Job_2233,27
Job_2234,68
Job_2235,88
Job_2236,7
Job_2237,63
Job_2238,50
Job_2239,78
Job_2240,61
Job_2241,63
Job_2242,40
Job_2243,41
Job_2244,64
Job_2245,94
Job_2246,18
Job_2247,54
Job_2248,54
Job_2249,41
Job_2250,20
Job_2251,82
Job_2252,100
Job_2253,18
Job_2254,98
Job_2255,33
Job_2256,46
Job_2257,2
Job_2258,26
Job_2259,11
Job_2260,36
Job_2261,35
Job_2262,78
Job_2263,43
Job_2264,11
Job_2265,66
Job_2266,98
Job_2267,14
Job_2268,77
Job_2269,56
Job_2270,35
Job_2271,6
Job_2272,8
Job_2273,51
Job_2274,92
Job_2275,82
Job_2276,23
Job_2277,47
Job_2278,40
Job_2279,87
Job_2280,11
Job_2281,98
Job_2282,7
Job_2283,26
Job_2284,28
Job_2285,73
Job_2286,36
Job_2287,20
Job_2288,88
Job_2289,33
Job_2290,60
Job_2291,45
Job_2292,100
Job_2293,43
Job_2294,56
Job_2295,34
Job_2296,52
Job_2297,24
Job_2298,86
Job_2299,26
Job_2300,29
Job_2301,15
Job_2302,22
Job_2303,42
Job_2304,97
Job_2305,58
Job_2306,31
Job_2307,88
Job_2308,91
Job_2309,76
Job_2310,63
Job_2311,40
Job_2312,49
Job_2313,69
Job_2314,60
Job_2315,52
Job_2316,34
Job_2317,70
Job_2318,11
Job_2319,99
Job_2320,24
Job_2321,76
Job_2322,50
Job_2323,14
Job_2324,28
Job_2325,81
Job_2326,19
Job_2327,79
Job_2328,66
Job_2329,70
Job_2330,95
Job_2331,4
Job_2332,43
Job_2333,74
Job_2334,77
Job_2335,48
Job_2336,86
Job_2337,7
Job_2338,32
Job_2339,70
Job_2340,25
Job_2341,5
Job_2342,82
Job_2343,60
Job_2344,92
Job_2345,100
Job_2346,11
Job_2347,13
Job_2348,22
Job_2349,96
Job_2350,20
Job_2351,25
Job_2352,1
Job_2353,55
Job_2354,13
Job_2355,21
Job_2356,98
Job_2357,90
Job_2358,77
Job_2359,56
Job_2360,2
Job_2361,81
Job_2362,80
Job_2363,9
Job_2364,9
Job_2365,77
Job_2366,16
Job_2367,67
Job_2368,87
Job_2369,4
Job_2370,52
Job_2371,63
Job_2372,59
Job_2373,11
Job_2374,11
Job_2375,21
Job_2376,68
Job_2377,28
Job_2378,65
Job_2379,32
Job_2380,44
Job_2381,20
Job_2382,53
Job_2383,41
Job_2384,25
Job_2385,7
Job_2386,63
Job_2387,22
Job_2388,64
Job_2389,15
Job_2390,82
Job_2391,37
Job_2392,92
Job_2393,67
Job_2394,72
Job_2395,76
Job_2396,88
Job_2397,11
Job_2398,70
Job_2399,7
Job_2400,13
Job_2401,37
Job_2402,63
Job_2403,38
Job_2404,80
Job_2405,76
Job_2406,27
Job_2407,3
Job_2408,47
Job_2409,25
Job_2410,36
Job_2411,40
Job_2412,34
Job_2413,43
Job_2414,64
Job_2415,89
Job_2416,19
Job_2417,26
Job_2418,6
Job_2419,57
Job_2420,2
Job_2421,79
Job_2422,86
Job_2423,15
Job_2424,39
Job_2425,59
Job_2426,45
Job_2427,36
Job_2428,93
Job_2429,21
Job_2430,54
Job_2431,9
Job_2432,57
Job_2433,7
Job_2434,42
Job_2435,67
Job_2436,12
Job_2437,62
Job_2438,14
Job_2439,89
Job_2440,81
Job_2441,84
Job_2442,84
Job_2443,81
Job_2444,76
Job_2445,99
Job_2446,66
Job_2447,86
Job_2448,5
Job_2449,73
Job_2450,2
Job_2451,60
Job_2452,93
Job_2453,70
Job_2454,52
Job_2455,61
Job_2456,92
Job_2457,14
Job_2458,41
Job_2459,89
Job_2460,14
Job_2461,67
Job_2462,31
Job_2463,45
Job_2464,79
Job_2465,19
Job_2466,45
Job_2467,87
Job_2468,8
Job_2469,79
Job_2470,57
Job_2471,6
Job_2472,8
Job_2473,72
Job_2474,95
Job_2475,61
Job_2476,71
Job_2477,32
Job_2478,74
Job_2479,94
Job_2480,13
Job_2481,31
Job_2482,20
Job_2483,76
Job_2484,91
Job_2485,48
Job_2486,29
Job_2487,41
Job_2488,100
Job_2489,91
Job_2490,42
Job_2491,69
Job_2492,9
Job_2493,85
Job_2494,77
Job_2495,21
Job_2496,47
Job_2497,59
Job_2498,13
Job_2499,50
Job_2500,17
Job_2501,95
Job_2502,65
Job_2503,15
Job_2504,57
Job_2505,57
Job_2506,30
Job_2507,69
Job_2508,25
Job_2509,63
Job_2510,24
Job_2511,8
Job_2512,93
Job_2513,1
Job_2514,40
Job_2515,37
Job_2516,11
Job_2517,49
Job_2518,94
Job_2519,48
Job_2520,32
Job_2521,14
Job_2522,13
Job_2523,16
Job_2524,57
Job_2525,92
Job_2526,51
Job_2527,31
Job_2528,69
Job_2529,36
Job_2530,94
Job_2531,86
Job_2532,83
Job_2533,69
Job_2534,78
Job_2535,8
Job_2536,23
Job_2537,19
Job_2538,13
Job_2539,62
Job_2540,59
Job_2541,93
Job_2542,42
Job_2543,1
Job_2544,79
Job_2545,91
Job_2546,34
Job_2547,71
Job_2548,2
Job_2549,28
Job_2550,78
Job_2551,23
Job_2552,45
Job_2553,29
Job_2554,71
Job_2555,99
Job_2556,65
Job_2557,79
Job_2558,75
Job_2559,28
Job_2560,56
Job_2561,60
Job_2562,73
Job_2563,31
Job_2564,13
Job_2565,98
Job_2566,30
Job_2567,26
Job_2568,86
Job_2569,84
Job_2570,2
Job_2571,28
Job_2572,87
Job_2573,6
Job_2574,64
Job_2575,1
Job_2576,46
Job_2577,80
Job_2578,42
Job_2579,8
Job_2580,68
Job_2581,71
Job_2582,3
Job_2583,40
Job_2584,14
Job_2585,13
Job_2586,88
Job_2587,14
Job_2588,89
Job_2589,38
Job_2590,24
Job_2591,32
Job_2592,25
Job_2593,50
Job_2594,11
Job_2595,1
Job_2596,82
Job_2597,80
Job_2598,73
Job_2599,70
Job_2600,35
Job_2601,67
Job_2602,77
Job_2603,88
Job_2604,81
Job_2605,8
Job_2606,63
Job_2607,94
Job_2608,11
Job_2609,62
Job_2610,85
Job_2611,12
Job_2612,48
Job_2613,26
Job_2614,6
Job_2615,21
Job_2616,78
Job_2617,21
Job_2618,87
Job_2619,2
Job_2620,63
Job_2621,22
Job_2622,42
Job_2623,55
Job_2624,46
Job_2625,87
Job_2626,62
Job_2627,52
Job_2628,42
Job_2629,3
Job_2630,2
Job_2631,18
Job_2632,82
Job_2633,44
Job_2634,11
Job_2635,55
Job_2636,98
Job_2637,8
Job_2638,12
Job_2639,40
Job_2640,59
Job_2641,66
Job_2642,69
Job_2643,38
Job_2644,91
Job_2645,71
Job_2646,12
Job_2647,57
Job_2648,65
Job_2649,30
Job_2650,5
Job_2651,20
Job_2652,13
Job_2653,70
Job_2654,82
Job_2655,83
Job_2656,55
Job_2657,1
Job_2658,7
Job_2659,18
Job_2660,31
Job_2661,41
Job_2662,5
Job_2663,65
Job_2664,44
Job_2665,51
Job_2666,3
Job_2667,99
Job_2668,45
Job_2669,46
Job_2670,24
Job_2671,36
Job_2672,33
Job_2673,17
Job_2674,3
Job_2675,44
Job_2676,76
Job_2677,4
Job_2678,28
Job_2679,28
Job_2680,81
Job_2681,38
Job_2682,98
Job_2683,36
Job_2684,32
Job_2685,9
Job_2686,25
Job_2687,100
Job_2688,75
Job_2689,12
Job_2690,32
Job_2691,96
Job_2692,58
Job_2693,16
Job_2694,64
Job_2695,94
Job_2696,42
Job_2697,86
Job_2698,24
Job_2699,56
Job_2700,15
Job_2701,27
Job_2702,75
Job_2703,35
Job_2704,17
Job_2705,43
Job_2706,77
Job_2707,17
Job_2708,81
Job_2709,91
Job_2710,24
Job_2711,88
Job_2712,38
Job_2713,20
Job_2714,61
Job_2715,97
Job_2716,67
Job_2717,78
Job_2718,77
Job_2719,77
Job_2720,17
Job_2721,57
Job_2722,27
Job_2723,89
Job_2724,79
Job_2725,16
Job_2726,12
Job_2727,61
Job_2728,78
Job_2729,91
Job_2730,51
Job_2731,87
Job_2732,22
Job_2733,64
Job_2734,42
Job_2735,77
Job_2736,69
Job_2737,39
Job_2738,26
Job_2739,57
Job_2740,77
Job_2741,48
Job_2742,38
Job_2743,56
Job_2744,96
Job_2745,96
Job_2746,77
Job_2747,49
Job_2748,2
Job_2749,21
Job_2750,22
Job_2751,24
Job_2752,38
Job_2753,53
Job_2754,21
Job_2755,85
Job_2756,7
Job_2757,83
Job_2758,16
Job_2759,10
Job_2760,7
Job_2761,73
Job_2762,62
Job_2763,78
Job_2764,40
Job_2765,90
Job_2766,2
Job_2767,65
Job_2768,33
Job_2769,33
Job_2770,60
Job_2771,36
Job_2772,21
Job_2773,40
Job_2774,2
Job_2775,3
Job_2776,70
Job_2777,87
Job_2778,51
Job_2779,55
Job_2780,30
Job_2781,35
Job_2782,12
Job_2783,64
Job_2784,19
Job_2785,16
Job_2786,58
Job_2787,70
Job_2788,57
Job_2789,5
Job_2790,60
Job_2791,48
Job_2792,56
Job_2793,50
Job_2794,14
Job_2795,15
Job_2796,78
Job_2797,9
Job_2798,77
Job_2799,39
Job_2800,7
Job_2801,42
Job_2802,22
Job_2803,5
Job_2804,95
Job_2805,78
Job_2806,81
Job_2807,56
Job_2808,32
Job_2809,69
Job_2810,68
Job_2811,78
Job_2812,3
Job_2813,55
Job_2814,51
Job_2815,49
Job_2816,26
Job_2817,42
Job_2818,78
Job_2819,49
Job_2820,71
Job_2821,82
Job_2822,53
Job_2823,2
Job_2824,68
Job_2825,92
Job_2826,37
Job_2827,31
Job_2828,17
Job_2829,26
Job_2830,98
Job_2831,70
Job_2832,76
Job_2833,69
Job_2834,88
Job_2835,33
Job_2836,18
Job_2837,1
Job_2838,28
Job_2839,82
Job_2840,54
Job_2841,31
Job_2842,25
Job_2843,78
Job_2844,72
Job_2845,45
Job_2846,73
Job_2847,44
Job_2848,14
Job_2849,34
Job_2850,62
Job_2851,56
Job_2852,11
Job_2853,47
Job_2854,95
Job_2855,94
Job_2856,22
Job_2857,97
Job_2858,26
Job_2859,75
Job_2860,67
Job_2861,32
Job_2862,98
Job_2863,51
Job_2864,27
Job_2865,7
Job_2866,76
Job_2867,12
Job_2868,2
Job_2869,57
Job_2870,31
Job_2871,15
Job_2872,57
Job_2873,97
Job_2874,25
Job_2875,74
Job_2876,82
Job_2877,92
Job_2878,5
Job_2879,11
Job_2880,36
Job_2881,35
Job_2882,45
Job_2883,34
Job_2884,61
Job_2885,47
Job_2886,7
Job_2887,88
Job_2888,33
Job_2889,38
Job_2890,46
Job_2891,94
Job_2892,86
Job_2893,73
Job_2894,48
Job_2895,37
Job_2896,28
Job_2897,82
Job_2898,33
Job_2899,11
Job_2900,64
Job_2901,4
Job_2902,77
Job_2903,76
Job_2904,78
Job_2905,25
Job_2906,16
Job_2907,99
Job_2908,36
Job_2909,52
Job_2910,21
Job_2911,53
Job_2912,43
Job_2913,88
Job_2914,6
Job_2915,86
Job_2916,80
Job_2917,42
Job_2918,73
Job_2919,29
Job_2920,61
Job_2921,51
Job_2922,29
Job_2923,18
Job_2924,77
Job_2925,39
Job_2926,66
Job_2927,60
Job_2928,84
Job_2929,49
Job_2930,66
Job_2931,8
Job_2932,66
Job_2933,100
Job_2934,21
Job_2935,59
Job_2936,24
Job_2937,71
Job_2938,10
Job_2939,63
Job_2940,10
Job_2941,93
Job_2942,50
Job_2943,20
Job_2944,96
Job_2945,51
Job_2946,64
Job_2947,78
Job_2948,65
Job_2949,73
Job_2950,71
Job_2951,59
Job_2952,41
Job_2953,50
Job_2954,2
Job_2955,36
Job_2956,4
Job_2957,25
Job_2958,63
Job_2959,50
Job_2960,32
Job_2961,5
Job_2962,54
Job_2963,42
Job_2964,76
Job_2965,51
Job_2966,28
Job_2967,19
Job_2968,48
Job_2969,46
Job_2970,69
Job_2971,87
Job_2972,74
Job_2973,76
Job_2974,63
Job_2975,15
Job_2976,83
Job_2977,55
Job_2978,81
Job_2979,99
Job_2980,99
Job_2981,74
Job_2982,71
Job_2983,94
Job_2984,4
Job_2985,8
Job_2986,100
Job_2987,5
Job_2988,43
Job_2989,13
Job_2990,26
Job_2991,59
Job_2992,49
Job_2993,85
Job_2994,68
Job_2995,52
Job_2996,22
Job_2997,75
Job_2998,72
Job_2999,18
Job_3000,10
Job_3001,92
Job_3002,55
Job_3003,8
Job_3004,91
Job_3005,94
Job_3006,3
Job_3007,26
Job_3008,85
Job_3009,74
Job_3010,10
Job_3011,26
Job_3012,9
Job_3013,73
Job_3014,87
Job_3015,6
Job_3016,59
Job_3017,12
Job_3018,87
Job_3019,99
Job_3020,85
Job_3021,11
Job_3022,56
Job_3023,56
Job_3024,32
Job_3025,68
Job_3026,25
Job_3027,38
Job_3028,28
Job_3029,24
Job_3030,94
Job_3031,12
Job_3032,45
Job_3033,33
Job_3034,99
Job_3035,1
Job_3036,86
Job_3037,77
Job_3038,28
Job_3039,25
Job_3040,76
Job_3041,13
Job_3042,41
Job_3043,88
Job_3044,68
Job_3045,19
Job_3046,67
Job_3047,54
Job_3048,71
Job_3049,25
Job_3050,64
Job_3051,64
Job_3052,92
Job_3053,5
Job_3054,79
Job_3055,81
Job_3056,34
Job_3057,26
Job_3058,50
Job_3059,5
Job_3060,89
Job_3061,53
Job_3062,58
Job_3063,60
Job_3064,3
Job_3065,16
Job_3066,78
Job_3067,34
Job_3068,11
Job_3069,66
Job_3070,55
Job_3071,27
Job_3072,49
Job_3073,68
Job_3074,46
Job_3075,96
Job_3076,2
Job_3077,96
Job_3078,6
Job_3079,92
Job_3080,78
Job_3081,22
Job_3082,78
Job_3083,7
Job_3084,61
Job_3085,66
Job_3086,83
Job_3087,38
Job_3088,27
Job_3089,46
Job_3090,3
Job_3091,99
Job_3092,82
Job_3093,5
Job_3094,85
Job_3095,2
Job_3096,64
Job_3097,76
Job_3098,87
Job_3099,41
Job_3100,28
Job_3101,45
Job_3102,97
Job_3103,90
Job_3104,17
Job_3105,48
Job_3106,92
Job_3107,89
Job_3108,58
Job_3109,94
Job_3110,24
Job_3111,42
Job_3112,77
Job_3113,42
Job_3114,68
Job_3115,40
Job_3116,65
Job_3117,16
Job_3118,54
Job_3119,92
Job_3120,13
Job_3121,8
Job_3122,93
Job_3123,31
Job_3124,53
Job_3125,60
Job_3126,80
Job_3127,54
Job_3128,21
Job_3129,51
Job_3130,32
Job_3131,96
Job_3132,78
Job_3133,73
Job_3134,21
Job_3135,90
Job_3136,31
Job_3137,34
Job_3138,29
Job_3139,94
Job_3140,47
Job_3141,25
Job_3142,33
Job_3143,78
Job_3144,26
Job_3145,81
Job_3146,14
Job_3147,87
Job_3148,95
Job_3149,2
Job_3150,25
Job_3151,39
Job_3152,36
Job_3153,84
Job_3154,48
Job_3155,68
Job_3156,69
Job_3157,45
Job_3158,15
Job_3159,62
Job_3160,78
Job_3161,88
Job_3162,78
Job_3163,61
Job_3164,46
Job_3165,86
Job_3166,73
Job_3167,84
Job_3168,93
Job_3169,39
Job_3170,83
Job_3171,77
Job_3172,55
Job_3173,3
Job_3174,95
Job_3175,89
Job_3176,74
Job_3177,79
Job_3178,37
Job_3179,46
Job_3180,60
Job_3181,53
Job_3182,81
Job_3183,96
Job_3184,94
Job_3185,20
Job_3186,27
Job_3187,51
Job_3188,74
Job_3189,30
Job_3190,89
Job_3191,90
Job_3192,66
Job_3193,44
Job_3194,56
Job_3195,2
Job_3196,72
Job_3197,38
Job_3198,19
Job_3199,21
Job_3200,74
Job_3201,99
Job_3202,98
Job_3203,40
Job_3204,75
Job_3205,88
Job_3206,66
Job_3207,72
Job_3208,46
Job_3209,63
Job_3210,85
Job_3211,23
Job_3212,57
Job_3213,53
Job_3214,42
Job_3215,28
Job_3216,53
Job_3217,14
Job_3218,57
Job_3219,3
Job_3220,45
Job_3221,1
Job_3222,89
Job_3223,69
Job_3224,7
Job_3225,6
Job_3226,2
Job_3227,20
Job_3228,35
Job_3229,15
Job_3230,53
Job_3231,55
Job_3232,67
Job_3233,41
Job_3234,85
Job_3235,77
Job_3236,38
Job_3237,73
Job_3238,35
Job_3239,18
Job_3240,9
Job_3241,78
Job_3242,34
Job_3243,15
Job_3244,72
Job_3245,45
Job_3246,22
Job_3247,77
Job_3248,51
Job_3249,49
Job_3250,10
Job_3251,11
Job_3252,81
Job_3253,26
Job_3254,42
Job_3255,83
Job_3256,90
Job_3257,71
Job_3258,100
Job_3259,55
Job_3260,38
Job_3261,25
Job_3262,39
Job_3263,86
Job_3264,13
Job_3265,81
Job_3266,54
Job_3267,74
Job_3268,100
Job_3269,49
Job_3270,88
Job_3271,75
Job_3272,40
Job_3273,59
Job_3274,75
Job_3275,36
Job_3276,86
Job_3277,14
Job_3278,97
Job_3279,95
Job_3280,59
Job_3281,61
Job_3282,26
Job_3283,28
Job_3284,97
Job_3285,20
Job_3286,70
Job_3287,3
Job_3288,33
Job_3289,95
Job_3290,89
Job_3291,93
Job_3292,11
Job_3293,48
Job_3294,28
Job_3295,89
Job_3296,98
Job_3297,98
Job_3298,67
Job_3299,57
Job_3300,7
Job_3301,90
Job_3302,34
Job_3303,96
Job_3304,90
Job_3305,10
Job_3306,81
Job_3307,10
Job_3308,45
Job_3309,19
Job_3310,52
Job_3311,46
Job_3312,16
Job_3313,92
Job_3314,59
Job_3315,75
Job_3316,48
Job_3317,63
Job_3318,67
Job_3319,13
Job_3320,23
Job_3321,27
Job_3322,100
Job_3323,47
Job_3324,81
Job_3325,47
Job_3326,35
Job_3327,59
Job_3328,54
Job_3329,54
Job_3330,67
Job_3331,43
Job_3332,23
Job_3333,60
Job_3334,83
Job_3335,88
Job_3336,68
Job_3337,96
Job_3338,58
Job_3339,91
Job_3340,7
Job_3341,16
Job_3342,77
Job_3343,67
Job_3344,21
Job_3345,9
Job_3346,24
Job_3347,50
Job_3348,92
Job_3349,10
Job_3350,26
Job_3351,50
Job_3352,55
Job_3353,20
Job_3354,13
Job_3355,24
Job_3356,27
Job_3357,27
Job_3358,49
Job_3359,12
Job_3360,31
Job_3361,79
Job_3362,78
Job_3363,59
Job_3364,92
Job_3365,40
Job_3366,73
Job_3367,75
Job_3368,52
Job_3369,14
Job_3370,27
Job_3371,12
Job_3372,11
Job_3373,40
Job_3374,89
Job_3375,35
Job_3376,6
Job_3377,96
Job_3378,1
Job_3379,29
Job_3380,80
Job_3381,29
Job_3382,61
Job_3383,31
Job_3384,51
Job_3385,90
Job_3386,12
Job_3387,99
Job_3388,95
Job_3389,75
Job_3390,43
Job_3391,36
Job_3392,92
Job_3393,100
Job_3394,36
Job_3395,49
Job_3396,14
Job_3397,71
Job_3398,51
Job_3399,70
Job_3400,56
Job_3401,68
Job_3402,57
Job_3403,49
Job_3404,55
Job_3405,23
Job_3406,96
Job_3407,73
Job_3408,86
Job_3409,99
Job_3410,57
Job_3411,22
Job_3412,97
Job_3413,11
Job_3414,91
Job_3415,54
Job_3416,89
Job_3417,19
Job_3418,17
Job_3419,53
Job_3420,41
Job_3421,82
Job_3422,8
Job_3423,50
Job_3424,5
Job_3425,45
Job_3426,55
Job_3427,27
Job_3428,19
Job_3429,83
Job_3430,5
Job_3431,25
Job_3432,27
Job_3433,50
Job_3434,37
Job_3435,54
Job_3436,34
Job_3437,59
Job_3438,9
Job_3439,8
Job_3440,47
Job_3441,11
Job_3442,28
Job_3443,45
Job_3444,4
Job_3445,93
Job_3446,38
Job_3447,80
Job_3448,17
Job_3449,59
Job_3450,84
Job_3451,91
Job_3452,28
Job_3453,91
Job_3454,11
Job_3455,30
Job_3456,59
Job_3457,61
Job_3458,57
Job_3459,99
Job_3460,27
Job_3461,8
Job_3462,15
Job_3463,55
Job_3464,67
Job_3465,89
Job_3466,61
Job_3467,33
Job_3468,88
Job_3469,83
Job_3470,68
Job_3471,20
Job_3472,56
Job_3473,58
Job_3474,52
Job_3475,2
Job_3476,88
Job_3477,91
Job_3478,87
Job_3479,25
Job_3480,94
Job_3481,97
Job_3482,33
Job_3483,1
Job_3484,41
Job_3485,80
Job_3486,31
Job_3487,39
Job_3488,6
Job_3489,71
Job_3490,12
Job_3491,35
Job_3492,23
Job_3493,85
Job_3494,87
Job_3495,27
Job_3496,51
Job_3497,5
Job_3498,49
Job_3499,80
Job_3500,52
Job_3501,66
Job_3502,99
Job_3503,17
Job_3504,60
Job_3505,44
Job_3506,11
Job_3507,20
Job_3508,76
Job_3509,74
Job_3510,50
Job_3511,88
Job_3512,97
Job_3513,12
Job_3514,29
Job_3515,49
Job_3516,52
Job_3517,95
Job_3518,3
Job_3519,71
Job_3520,51
Job_3521,76
Job_3522,83
Job_3523,81
Job_3524,42
Job_3525,10
Job_3526,46
Job_3527,88
Job_3528,84
Job_3529,85
Job_3530,39
Job_3531,51
Job_3532,69
Job_3533,56
Job_3534,32
Job_3535,9
Job_3536,65
Job_3537,17
Job_3538,53
Job_3539,41
Job_3540,5
Job_3541,22
Job_3542,64
Job_3543,91
Job_3544,21
Job_3545,37
Job_3546,54
Job_3547,73
Job_3548,31
Job_3549,85
Job_3550,87
Job_3551,70
Job_3552,5
Job_3553,53
Job_3554,67
Job_3555,62
Job_3556,47
Job_3557,53
Job_3558,79
Job_3559,71
Job_3560,38
Job_3561,51
Job_3562,82
Job_3563,22
Job_3564,40
Job_3565,76
Job_3566,33
Job_3567,30
Job_3568,53
Job_3569,12
Job_3570,70
Job_3571,10
Job_3572,13
Job_3573,28
Job_3574,89
Job_3575,50
Job_3576,67
Job_3577,17
Job_3578,76
Job_3579,4
Job_3580,91
Job_3581,18
Job_3582,22
Job_3583,13
Job_3584,22
Job_3585,47
Job_3586,78
Job_3587,87
Job_3588,28
Job_3589,71
Job_3590,84
Job_3591,79
Job_3592,81
Job_3593,93
Job_3594,12
Job_3595,51
Job_3596,3
Job_3597,65
Job_3598,51
Job_3599,73
Job_3600,68
Job_3601,47
Job_3602,85
Job_3603,68
Job_3604,70
Job_3605,52
Job_3606,30
Job_3607,82
Job_3608,71
Job_3609,9
Job_3610,67
Job_3611,1
Job_3612,45
Job_3613,28
Job_3614,93
Job_3615,33
Job_3616,11
Job_3617,91
Job_3618,36
Job_3619,48
Job_3620,42
Job_3621,56
Job_3622,71
Job_3623,93
Job_3624,51
Job_3625,54
Job_3626,44
Job_3627,1
Job_3628,48
Job_3629,72
Job_3630,75
Job_3631,98
Job_3632,16
Job_3633,34
Job_3634,34
Job_3635,88
Job_3636,31
Job_3637,52
Job_3638,82
Job_3639,46
Job_3640,8
Job_3641,7
Job_3642,92
Job_3643,72
Job_3644,62
Job_3645,77
Job_3646,70
Job_3647,10
Job_3648,4
Job_3649,46
Job_3650,95
Job_3651,94
Job_3652,47
Job_3653,74
Job_3654,83
Job_3655,83
Job_3656,93
Job_3657,33
Job_3658,17
Job_3659,20
Job_3660,34
Job_3661,25
Job_3662,63
Job_3663,88
Job_3664,32
Job_3665,51
Job_3666,31
Job_3667,50
Job_3668,51
Job_3669,43
Job_3670,67
Job_3671,50
Job_3672,97
Job_3673,27
Job_3674,87
Job_3675,4
Job_3676,72
Job_3677,7
Job_3678,99
Job_3679,8
Job_3680,85
Job_3681,23
Job_3682,70
Job_3683,94
Job_3684,29
Job_3685,77
Job_3686,57
Job_3687,26
Job_3688,59
Job_3689,51
Job_3690,90
Job_3691,67
Job_3692,38
Job_3693,66
Job_3694,92
Job_3695,41
Job_3696,60
Job_3697,17
Job_3698,82
Job_3699,17
Job_3700,77
Job_3701,11
Job_3702,74
Job_3703,95
Job_3704,96
Job_3705,31
Job_3706,9
Job_3707,46
Job_3708,46
Job_3709,73
Job_3710,32
Job_3711,72
Job_3712,22
Job_3713,92
Job_3714,28
Job_3715,91
Job_3716,82
Job_3717,25
Job_3718,91
Job_3719,59
Job_3720,90
Job_3721,88
Job_3722,90
Job_3723,81
Job_3724,48
Job_3725,51
Job_3726,30
Job_3727,57
Job_3728,45
Job_3729,34
Job_3730,29
Job_3731,87
Job_3732,47
Job_3733,62
Job_3734,33
Job_3735,10
Job_3736,84
Job_3737,97
Job_3738,13
Job_3739,23
Job_3740,14
Job_3741,48
Job_3742,85
Job_3743,18
Job_3744,7
Job_3745,48
Job_3746,3
Job_3747,25
Job_3748,46
Job_3749,45
Job_3750,97
Job_3751,48
Job_3752,27
Job_3753,77
Job_3754,35
Job_3755,55
Job_3756,39
Job_3757,64
Job_3758,85
Job_3759,77
Job_3760,57
Job_3761,15
Job_3762,41
Job_3763,54
Job_3764,59
Job_3765,50
Job_3766,32
Job_3767,99
Job_3768,45
Job_3769,24
Job_3770,66
Job_3771,25
Job_3772,64
Job_3773,63
Job_3774,98
Job_3775,51
Job_3776,90
Job_3777,53
Job_3778,17
Job_3779,16
Job_3780,33
Job_3781,66
Job_3782,69
Job_3783,96
Job_3784,5
Job_3785,3
Job_3786,93
Job_3787,18
Job_3788,23
Job_3789,14
Job_3790,52
Job_3791,90
Job_3792,90
Job_3793,7
Job_3794,96
Job_3795,80
Job_3796,98
Job_3797,36
Job_3798,73
Job_3799,86
Job_3800,16
Job_3801,26
Job_3802,61
Job_3803,57
Job_3804,26
Job_3805,80
Job_3806,66
Job_3807,56
Job_3808,32
Job_3809,99
Job_3810,83
Job_3811,13
Job_3812,70
Job_3813,16
Job_3814,71
Job_3815,45
Job_3816,41
Job_3817,41
Job_3818,78
Job_3819,20
Job_3820,11
Job_3821,97
Job_3822,52
Job_3823,54
Job_3824,38
Job_3825,4
Job_3826,61
Job_3827,96
Job_3828,69
Job_3829,79
Job_3830,8
Job_3831,35
Job_3832,52
Job_3833,87
Job_3834,19
Job_3835,45
Job_3836,40
Job_3837,13
Job_3838,97
Job_3839,100
Job_3840,76
Job_3841,57
Job_3842,37
Job_3843,46
Job_3844,55
Job_3845,24
Job_3846,19
Job_3847,77
Job_3848,85
Job_3849,96
Job_3850,6
Job_3851,3
Job_3852,63
Job_3853,49
Job_3854,1
Job_3855,43
Job_3856,25
Job_3857,4
Job_3858,67
Job_3859,31
Job_3860,21
Job_3861,10
Job_3862,61
Job_3863,21
Job_3864,59
Job_3865,25
Job_3866,94
Job_3867,78
Job_3868,82
Job_3869,40
Job_3870,30
Job_3871,10
Job_3872,17
Job_3873,39
Job_3874,30
Job_3875,7
Job_3876,32
Job_3877,23
Job_3878,57
Job_3879,45
Job_3880,21
Job_3881,84
Job_3882,33
Job_3883,87
Job_3884,76
Job_3885,32
Job_3886,40
Job_3887,75
Job_3888,73
Job_3889,89
Job_3890,83
Job_3891,65
Job_3892,73
Job_3893,20
Job_3894,47
Job_3895,100
Job_3896,91
Job_3897,28
Job_3898,5
Job_3899,86
Job_3900,39
Job_3901,97
Job_3902,33
Job_3903,28
Job_3904,99
Job_3905,11
Job_3906,68
Job_3907,86
Job_3908,96
Job_3909,94
Job_3910,41
Job_3911,94
Job_3912,26
Job_3913,88
Job_3914,3
Job_3915,58
Job_3916,36
Job_3917,44
Job_3918,93
Job_3919,25
Job_3920,55
Job_3921,52
Job_3922,76
Job_3923,71
Job_3924,66
Job_3925,92
Job_3926,75
Job_3927,38
Job_3928,13
Job_3929,22
Job_3930,61
Job_3931,45
Job_3932,46
Job_3933,86
Job_3934,13
Job_3935,22
Job_3936,16
Job_3937,2
Job_3938,8
Job_3939,89
Job_3940,57
Job_3941,29
Job_3942,77
Job_3943,45
Job_3944,34
Job_3945,24
Job_3946,50
Job_3947,99
Job_3948,84
Job_3949,41
Job_3950,55
Job_3951,94
Job_3952,23
Job_3953,67
Job_3954,55
Job_3955,95
Job_3956,63
Job_3957,37
Job_3958,61
Job_3959,22
Job_3960,13
Job_3961,47
Job_3962,69
Job_3963,14
Job_3964,71
Job_3965,41
Job_3966,11
Job_3967,52
Job_3968,21
Job_3969,40
Job_3970,77
Job_3971,18
Job_3972,83
Job_3973,98
Job_3974,32
Job_3975,21
Job_3976,6
Job_3977,74
Job_3978,77
Job_3979,21
Job_3980,51
Job_3981,70
Job_3982,19
Job_3983,29
Job_3984,60
Job_3985,29
Job_3986,42
Job_3987,2
Job_3988,24
Job_3989,51
Job_3990,6
Job_3991,27
Job_3992,16
Job_3993,37
Job_3994,57
Job_3995,32
Job_3996,78
Job_3997,10
Job_3998,6
Job_3999,62
Job_4000,48
Job_4001,88
Job_4002,34
Job_4003,52
Job_4004,58
Job_4005,35
Job_4006,6
Job_4007,98
Job_4008,63
Job_4009,79
Job_4010,7
Job_4011,67
Job_4012,82
Job_4013,34
Job_4014,99
Job_4015,81
Job_4016,7
Job_4017,50
Job_4018,26
Job_4019,99
Job_4020,65
Job_4021,39
Job_4022,93
Job_4023,86
Job_4024,31
Job_4025,89
Job_4026,24
Job_4027,5
Job_4028,82
Job_4029,96
Job_4030,71
Job_4031,53
Job_4032,48
Job_4033,75
Job_4034,4
Job_4035,27
Job_4036,2
Job_4037,33
Job_4038,48
Job_4039,95
Job_4040,95
Job_4041,35
Job_4042,13
Job_4043,9
Job_4044,83
Job_4045,13
Job_4046,93
Job_4047,32
Job_4048,9
Job_4049,27
Job_4050,45
Job_4051,20
Job_4052,22
Job_4053,94
Job_4054,39
Job_4055,15
Job_4056,84
Job_4057,80
Job_4058,7
Job_4059,98
Job_4060,94
Job_4061,51
Job_4062,94
Job_4063,71
Job_4064,88
Job_4065,23
Job_4066,5
Job_4067,54
Job_4068,100
Job_4069,58
Job_4070,87
Job_4071,28
Job_4072,40
Job_4073,61
Job_4074,97
Job_4075,10
Job_4076,17
Job_4077,58
Job_4078,78
Job_4079,48
Job_4080,58
Job_4081,73
Job_4082,46
Job_4083,50
Job_4084,85
Job_4085,86
Job_4086,35
Job_4087,8
Job_4088,14
Job_4089,17
Job_4090,55
Job_4091,8
Job_4092,84
Job_4093,77
Job_4094,67
Job_4095,33
Job_4096,93
Job_4097,3
Job_4098,46
Job_4099,48
Job_4100,49
Job_4101,97
Job_4102,51
Job_4103,91
Job_4104,46
Job_4105,38
Job_4106,100
Job_4107,80
Job_4108,73
Job_4109,89
Job_4110,64
Job_4111,35
Job_4112,81
Job_4113,90
Job_4114,65
Job_4115,63
Job_4116,39
Job_4117,91
Job_4118,87
Job_4119,1
Job_4120,20
Job_4121,88
Job_4122,51
Job_4123,44
Job_4124,26
Job_4125,58
Job_4126,7
Job_4127,44
Job_4128,100
Job_4129,25
Job_4130,63
Job_4131,20
Job_4132,23
Job_4133,23
Job_4134,94
Job_4135,2
Job_4136,22
Job_4137,83
Job_4138,33
Job_4139,11
Job_4140,74
Job_4141,32
Job_4142,98
Job_4143,63
Job_4144,86
Job_4145,96
Job_4146,76
Job_4147,86
Job_4148,34
Job_4149,49
Job_4150,7
Job_4151,79
Job_4152,81
Job_4153,72
Job_4154,32
Job_4155,52
Job_4156,56
Job_4157,51
Job_4158,83
Job_4159,58
Job_4160,87
Job_4161,33
Job_4162,5
Job_4163,82
Job_4164,28
Job_4165,14
Job_4166,89
Job_4167,26
Job_4168,50
Job_4169,24
Job_4170,41
Job_4171,9
Job_4172,88
Job_4173,25
Job_4174,70
Job_4175,90
Job_4176,19
Job_4177,72
Job_4178,40
Job_4179,51
Job_4180,64
Job_4181,44
Job_4182,90
Job_4183,77
Job_4184,23
Job_4185,53
Job_4186,82
Job_4187,32
Job_4188,91
Job_4189,20
Job_4190,53
Job_4191,75
Job_4192,50
Job_4193,86
Job_4194,97
Job_4195,78
Job_4196,93
Job_4197,40
Job_4198,15
Job_4199,28
Job_4200,91
Job_4201,80
Job_4202,91
Job_4203,46
Job_4204,32
Job_4205,10
Job_4206,88
Job_4207,16
Job_4208,34
Job_4209,19
Job_4210,74
Job_4211,69
Job_4212,76
Job_4213,90
Job_4214,73
Job_4215,70
Job_4216,33
Job_4217,23
Job_4218,71
Job_4219,23
Job_4220,54
Job_4221,81
Job_4222,37
Job_4223,68
Job_4224,78
Job_4225,8
Job_4226,90
Job_4227,96
Job_4228,19
Job_4229,97
Job_4230,42
Job_4231,20
Job_4232,32
Job_4233,98
Job_4234,54
Job_4235,87
Job_4236,7
Job_4237,4
Job_4238,51
Job_4239,31
Job_4240,26
Job_4241,91
Job_4242,77
Job_4243,45
Job_4244,93
Job_4245,26
Job_4246,26
Job_4247,42
Job_4248,57
Job_4249,65
Job_4250,27
Job_4251,6
Job_4252,36
Job_4253,52
Job_4254,30
Job_4255,20
Job_4256,65
Job_4257,75
Job_4258,15
Job_4259,97
Job_4260,16
Job_4261,9
Job_4262,76
Job_4263,72
Job_4264,2
Job_4265,67
Job_4266,11
Job_4267,88
Job_4268,54
Job_4269,46
Job_4270,86
Job_4271,22
Job_4272,20
Job_4273,10
Job_4274,26
Job_4275,40
Job_4276,90
Job_4277,71
Job_4278,87
Job_4279,99
Job_4280,79
Job_4281,40
Job_4282,100
Job_4283,5
Job_4284,79
Job_4285,76
Job_4286,29
Job_4287,29
Job_4288,4
Job_4289,1
Job_4290,86
Job_4291,79
Job_4292,7
Job_4293,73
Job_4294,69
Job_4295,56
Job_4296,92
Job_4297,21
Job_4298,35
Job_4299,72
Job_4300,70
Job_4301,52
Job_4302,43
Job_4303,4
Job_4304,18
Job_4305,16
Job_4306,19
Job_4307,58
Job_4308,60
Job_4309,29
Job_4310,66
Job_4311,73
Job_4312,73
Job_4313,7
Job_4314,48
Job_4315,62
Job_4316,48
Job_4317,13
Job_4318,12
Job_4319,18
Job_4320,23
Job_4321,86
Job_4322,39
Job_4323,87
Job_4324,56
Job_4325,80
Job_4326,83
Job_4327,52
Job_4328,79
Job_4329,84
Job_4330,43
Job_4331,4
Job_4332,89
Job_4333,89
Job_4334,28
Job_4335,97
Job_4336,36
Job_4337,22
Job_4338,24
Job_4339,81
Job_4340,23
Job_4341,59
Job_4342,97
Job_4343,78
Job_4344,55
Job_4345,49
Job_4346,34
Job_4347,1
Job_4348,16
Job_4349,52
Job_4350,25
Job_4351,17
Job_4352,60
Job_4353,21
Job_4354,57
Job_4355,80
Job_4356,30
Job_4357,70
Job_4358,94
Job_4359,54
Job_4360,43
Job_4361,44
Job_4362,24
Job_4363,80
Job_4364,34
Job_4365,85
Job_4366,84
Job_4367,8
Job_4368,92
Job_4369,16
Job_4370,5
Job_4371,27
Job_4372,75
Job_4373,35
Job_4374,88
Job_4375,36
Job_4376,30
Job_4377,28
Job_4378,25
Job_4379,36
Job_4380,38
Job_4381,59
Job_4382,97
Job_4383,67
Job_4384,58
Job_4385,63
Job_4386,2
Job_4387,21
Job_4388,35
Job_4389,50
Job_4390,26
Job_4391,70
Job_4392,59
Job_4393,75
Job_4394,100
Job_4395,58
Job_4396,14
Job_4397,5
Job_4398,52
Job_4399,37
Job_4400,53
Job_4401,82
Job_4402,4
Job_4403,4
Job_4404,5
Job_4405,49
Job_4406,22
Job_4407,6
Job_4408,68
Job_4409,45
Job_4410,18
Job_4411,83
Job_4412,16
Job_4413,46
Job_4414,97
Job_4415,71
Job_4416,27
Job_4417,97
Job_4418,49
Job_4419,100
Job_4420,76
Job_4421,29
Job_4422,67
Job_4423,73
Job_4424,93
Job_4425,15
Job_4426,26
Job_4427,37
Job_4428,35
Job_4429,80
Job_4430,35
Job_4431,36
Job_4432,9
Job_4433,35
Job_4434,62
Job_4435,99
Job_4436,87
Job_4437,40
Job_4438,32
Job_4439,19
Job_4440,46
Job_4441,39
Job_4442,14
Job_4443,94
Job_4444,69
Job_4445,72
Job_4446,88
Job_4447,51
Job_4448,14
Job_4449,62
Job_4450,3
Job_4451,39
Job_4452,55
Job_4453,56
Job_4454,74
Job_4455,83
Job_4456,8
Job_4457,97
Job_4458,98
Job_4459,8
Job_4460,27
Job_4461,23
Job_4462,62
Job_4463,66
Job_4464,40
Job_4465,16
Job_4466,100
Job_4467,68
Job_4468,37
Job_4469,100
Job_4470,75
Job_4471,39
Job_4472,74
Job_4473,41
Job_4474,10
Job_4475,79
Job_4476,32
Job_4477,56
Job_4478,85
Job_4479,5
Job_4480,82
Job_4481,37
Job_4482,27
Job_4483,14
Job_4484,11
Job_4485,76
Job_4486,94
Job_4487,7
Job_4488,82
Job_4489,47
Job_4490,59
Job_4491,8
Job_4492,74
Job_4493,100
Job_4494,69
Job_4495,44
Job_4496,40
Job_4497,100
Job_4498,50
Job_4499,25
Job_4500,87
Job_4501,76
Job_4502,21
Job_4503,71
Job_4504,12
Job_4505,11
Job_4506,54
Job_4507,84
Job_4508,92
Job_4509,40
Job_4510,58
Job_4511,10
Job_4512,25
Job_4513,98
Job_4514,49
Job_4515,40
Job_4516,81
Job_4517,6
Job_4518,85
Job_4519,29
Job_4520,10
Job_4521,45
Job_4522,1
Job_4523,20
Job_4524,48
Job_4525,70
Job_4526,95
Job_4527,16
Job_4528,14
Job_4529,70
Job_4530,56
Job_4531,60
Job_4532,87
Job_4533,54
Job_4534,9
Job_4535,58
Job_4536,87
Job_4537,12
Job_4538,96
Job_4539,37
Job_4540,82
Job_4541,28
Job_4542,50
Job_4543,74
Job_4544,50
Job_4545,93
Job_4546,53
Job_4547,58
Job_4548,63
Job_4549,100
Job_4550,52
Job_4551,71
Job_4552,25
Job_4553,73
Job_4554,88
Job_4555,18
Job_4556,75
Job_4557,63
Job_4558,97
Job_4559,95
Job_4560,59
Job_4561,27
Job_4562,11
Job_4563,9
Job_4564,36
Job_4565,9
Job_4566,20
Job_4567,48
Job_4568,33
Job_4569,10
Job_4570,8
Job_4571,22
Job_4572,61
Job_4573,100
Job_4574,96
Job_4575,23
Job_4576,81
Job_4577,42
Job_4578,38
Job_4579,50
Job_4580,48
Job_4581,67
Job_4582,85
Job_4583,9
Job_4584,42
Job_4585,75
Job_4586,56
Job_4587,62
Job_4588,50
Job_4589,70
Job_4590,47
Job_4591,8
Job_4592,84
Job_4593,30
Job_4594,79
Job_4595,59
Job_4596,25
Job_4597,71
Job_4598,35
Job_4599,55
Job_4600,84
Job_4601,41
Job_4602,90
Job_4603,86
Job_4604,82
Job_4605,47
Job_4606,44
Job_4607,50
Job_4608,74
Job_4609,10
Job_4610,58
Job_4611,62
Job_4612,96
Job_4613,18
Job_4614,77
Job_4615,63
Job_4616,33
Job_4617,21
Job_4618,33
Job_4619,80
Job_4620,19
Job_4621,49
Job_4622,11
Job_4623,49
Job_4624,46
Job_4625,11
Job_4626,60
Job_4627,2
Job_4628,14
Job_4629,83
Job_4630,96
Job_4631,81
Job_4632,78
Job_4633,96
Job_4634,11
Job_4635,19
Job_4636,81
Job_4637,11
Job_4638,93
Job_4639,15
Job_4640,8
Job_4641,25
Job_4642,30
Job_4643,39
Job_4644,22
Job_4645,36
Job_4646,33
Job_4647,100
Job_4648,69
Job_4649,40
Job_4650,92
Job_4651,46
Job_4652,81
Job_4653,93
Job_4654,15
Job_4655,75
Job_4656,47
Job_4657,9
Job_4658,21
Job_4659,100
Job_4660,98
Job_4661,87
Job_4662,78
Job_4663,59
Job_4664,17
Job_4665,19
Job_4666,5
Job_4667,48
Job_4668,10
Job_4669,24
Job_4670,99
Job_4671,86
Job_4672,66
Job_4673,65
Job_4674,16
Job_4675,25
Job_4676,9
Job_4677,97
Job_4678,35
Job_4679,46
Job_4680,35
Job_4681,69
Job_4682,86
Job_4683,55
Job_4684,18
Job_4685,55
Job_4686,8
Job_4687,87
Job_4688,71
Job_4689,64
Job_4690,64
Job_4691,46
Job_4692,95
Job_4693,42
Job_4694,78
Job_4695,13
Job_4696,22
Job_4697,90
Job_4698,28
Job_4699,56
Job_4700,16
Job_4701,77
Job_4702,18
Job_4703,78
Job_4704,60
Job_4705,25
Job_4706,23
Job_4707,62
Job_4708,45
Job_4709,93
Job_4710,62
Job_4711,33
Job_4712,87
Job_4713,77
Job_4714,32
Job_4715,38
Job_4716,29
Job_4717,31
Job_4718,98
Job_4719,23
Job_4720,76
Job_4721,30
Job_4722,32
Job_4723,93
Job_4724,14
Job_4725,93
Job_4726,44
Job_4727,62
Job_4728,81
Job_4729,85
Job_4730,57
Job_4731,19
Job_4732,21
Job_4733,87
Job_4734,2
Job_4735,19
Job_4736,46
Job_4737,9
Job_4738,39
Job_4739,30
Job_4740,34
Job_4741,33
Job_4742,36
Job_4743,25
Job_4744,59
Job_4745,16
Job_4746,21
Job_4747,99
Job_4748,100
Job_4749,61
Job_4750,81
Job_4751,92
Job_4752,5
Job_4753,67
Job_4754,21
Job_4755,74
Job_4756,44
Job_4757,59
Job_4758,4
Job_4759,66
Job_4760,18
Job_4761,37
Job_4762,96
Job_4763,44
Job_4764,35
Job_4765,45
Job_4766,5
Job_4767,72
Job_4768,9
Job_4769,1
Job_4770,96
Job_4771,86
Job_4772,38
Job_4773,33
Job_4774,91
Job_4775,76
Job_4776,95
Job_4777,32
Job_4778,58
Job_4779,91
Job_4780,23
Job_4781,86
Job_4782,92
Job_4783,59
Job_4784,29
Job_4785,30
Job_4786,89
Job_4787,100
Job_4788,57
Job_4789,65
Job_4790,44
Job_4791,73
Job_4792,49
Job_4793,6
Job_4794,91
Job_4795,97
Job_4796,15
Job_4797,96
Job_4798,50
Job_4799,4
Job_4800,6
Job_4801,53
Job_4802,14
Job_4803,50
Job_4804,9
Job_4805,57
Job_4806,93
Job_4807,34
Job_4808,65
Job_4809,42
Job_4810,67
Job_4811,12
Job_4812,12
Job_4813,44
Job_4814,26
Job_4815,57
Job_4816,95
Job_4817,27
Job_4818,44
Job_4819,81
Job_4820,79
Job_4821,41
Job_4822,63
Job_4823,74
Job_4824,39
Job_4825,6
Job_4826,81
Job_4827,32
Job_4828,49
Job_4829,12
Job_4830,98
Job_4831,10
Job_4832,69
Job_4833,17
Job_4834,100
Job_4835,44
Job_4836,87
Job_4837,43
Job_4838,46
Job_4839,83
Job_4840,11
Job_4841,54
Job_4842,22
Job_4843,2
Job_4844,83
Job_4845,55
Job_4846,100
Job_4847,12
Job_4848,26
Job_4849,56
Job_4850,1
Job_4851,5
Job_4852,33
Job_4853,87
Job_4854,17
Job_4855,65
Job_4856,75
Job_4857,95
Job_4858,4
Job_4859,72
Job_4860,99
Job_4861,38
Job_4862,57
Job_4863,13
Job_4864,1
Job_4865,8
Job_4866,86
Job_4867,98
Job_4868,92
Job_4869,97
Job_4870,82
Job_4871,10
Job_4872,22
Job_4873,83
Job_4874,62
Job_4875,93
Job_4876,68
Job_4877,5
Job_4878,92
Job_4879,53
Job_4880,65
Job_4881,16
Job_4882,45
Job_4883,43
Job_4884,45
Job_4885,52
Job_4886,46
Job_4887,15
Job_4888,27
Job_4889,79
Job_4890,79
Job_4891,4
Job_4892,58
Job_4893,65
Job_4894,36
Job_4895,60
Job_4896,97
Job_4897,90
Job_4898,75
Job_4899,66
Job_4900,32
Job_4901,83
Job_4902,98
Job_4903,63
Job_4904,91
Job_4905,60
Job_4906,80
Job_4907,1
Job_4908,81
Job_4909,91
Job_4910,86
Job_4911,96
Job_4912,48
Job_4913,2
Job_4914,68
Job_4915,22
Job_4916,43
Job_4917,68
Job_4918,7
Job_4919,53
Job_4920,15
Job_4921,44
Job_4922,17
Job_4923,61
Job_4924,77
Job_4925,40
Job_4926,11
Job_4927,82
Job_4928,47
Job_4929,58
Job_4930,50
Job_4931,63
Job_4932,90
Job_4933,40
Job_4934,48
Job_4935,77
Job_4936,16
Job_4937,11
Job_4938,34
Job_4939,77
Job_4940,42
Job_4941,33
Job_4942,100
Job_4943,29
Job_4944,44
Job_4945,65
Job_4946,72
Job_4947,9
Job_4948,73
Job_4949,80
Job_4950,1
Job_4951,61
Job_4952,69
Job_4953,8
Job_4954,12
Job_4955,74
Job_4956,6
Job_4957,67
Job_4958,35
Job_4959,90
Job_4960,15
Job_4961,42
Job_4962,6
Job_4963,49
Job_4964,77
Job_4965,93
Job_4966,85
Job_4967,25
Job_4968,100
Job_4969,18
Job_4970,7
Job_4971,58
Job_4972,31
Job_4973,51
Job_4974,87
Job_4975,65
Job_4976,34
Job_4977,58
Job_4978,58
Job_4979,99
Job_4980,48
Job_4981,15
Job_4982,87
Job_4983,56
Job_4984,51
Job_4985,93
Job_4986,53
Job_4987,89
Job_4988,33
Job_4989,40
Job_4990,31
Job_4991,87
Job_4992,9
Job_4993,53
Job_4994,78
Job_4995,53
Job_4996,29
Job_4997,78
Job_4998,55
Job_4999,7
Job_5000,31
Job_5001,3
Job_5002,80
Job_5003,52
Job_5004,14
Job_5005,41
Job_5006,51
Job_5007,22
Job_5008,31
Job_5009,12
Job_5010,98
Job_5011,34
Job_5012,34
Job_5013,57
Job_5014,87
Job_5015,81
Job_5016,80
Job_5017,69
Job_5018,48
Job_5019,90
Job_5020,28
Job_5021,4
Job_5022,55
Job_5023,4
Job_5024,96
Job_5025,17
Job_5026,37
Job_5027,41
Job_5028,32
Job_5029,19
Job_5030,67
Job_5031,6
Job_5032,56
Job_5033,37
Job_5034,95
Job_5035,2
Job_5036,14
Job_5037,44
Job_5038,71
Job_5039,53
Job_5040,74
Job_5041,61
Job_5042,24
Job_5043,17
Job_5044,27
Job_5045,37
Job_5046,50
Job_5047,36
Job_5048,49
Job_5049,15
Job_5050,33
Job_5051,16
Job_5052,36
Job_5053,69
Job_5054,24
Job_5055,30
Job_5056,70
Job_5057,26
Job_5058,46
Job_5059,62
Job_5060,20
Job_5061,52
Job_5062,19
Job_5063,93
Job_5064,78
Job_5065,71
Job_5066,60
Job_5067,12
Job_5068,9
Job_5069,5
Job_5070,39
Job_5071,98
Job_5072,7
Job_5073,9
Job_5074,12
Job_5075,82
Job_5076,41
Job_5077,23
Job_5078,7
Job_5079,86
Job_5080,1
Job_5081,36
Job_5082,93
Job_5083,8
Job_5084,83
Job_5085,9
Job_5086,8
Job_5087,13
Job_5088,74
Job_5089,45
Job_5090,46
Job_5091,68
Job_5092,94
Job_5093,40
Job_5094,28
Job_5095,60
Job_5096,54
Job_5097,99
Job_5098,47
Job_5099,41
Job_5100,50
Job_5101,93
Job_5102,46
Job_5103,66
Job_5104,74
Job_5105,16
Job_5106,56
Job_5107,21
Job_5108,39
Job_5109,88
Job_5110,54
Job_5111,18
Job_5112,23
Job_5113,91
Job_5114,86
Job_5115,63
Job_5116,82
Job_5117,2
Job_5118,87
Job_5119,18
Job_5120,49
Job_5121,70
Job_5122,49
Job_5123,69
Job_5124,26
Job_5125,79
Job_5126,67
Job_5127,10
Job_5128,78
Job_5129,84
Job_5130,81
Job_5131,95
Job_5132,71
Job_5133,72
Job_5134,27
Job_5135,3
Job_5136,50
Job_5137,79
Job_5138,54
Job_5139,24
Job_5140,12
Job_5141,18
Job_5142,18
Job_5143,80
Job_5144,64
Job_5145,59
Job_5146,13
Job_5147,75
Job_5148,24
Job_5149,76
Job_5150,46
Job_5151,81
Job_5152,3
Job_5153,47
Job_5154,54
Job_5155,25
Job_5156,45
Job_5157,40
Job_5158,22
Job_5159,15
Job_5160,95
Job_5161,32
Job_5162,76
Job_5163,37
Job_5164,26
Job_5165,70
Job_5166,84
Job_5167,17
Job_5168,61
Job_5169,79
Job_5170,71
Job_5171,35
Job_5172,21
Job_5173,65
Job_5174,25
Job_5175,98
Job_5176,82
Job_5177,59
Job_5178,91
Job_5179,53
Job_5180,79
Job_5181,34
Job_5182,67
Job_5183,70
Job_5184,81
Job_5185,63
Job_5186,15
Job_5187,24
Job_5188,82
Job_5189,70
Job_5190,73
Job_5191,100
Job_5192,92
Job_5193,17
Job_5194,28
Job_5195,3
Job_5196,73
Job_5197,98
Job_5198,24
Job_5199,79
Job_5200,11
Job_5201,51
Job_5202,78
Job_5203,61
Job_5204,40
Job_5205,3
Job_5206,43
Job_5207,76
Job_5208,73
Job_5209,28
Job_5210,39
Job_5211,3
Job_5212,66
Job_5213,44
Job_5214,8
Job_5215,95
Job_5216,66
Job_5217,88
Job_5218,15
Job_5219,40
Job_5220,97
Job_5221,22
Job_5222,93
Job_5223,77
Job_5224,84
Job_5225,10
Job_5226,94
Job_5227,89
Job_5228,40
Job_5229,95
Job_5230,48
Job_5231,84
Job_5232,80
Job_5233,47
Job_5234,18
Job_5235,93
Job_5236,63
Job_5237,86
Job_5238,78
Job_5239,12
Job_5240,88
Job_5241,18
Job_5242,34
Job_5243,90
Job_5244,75
Job_5245,30
Job_5246,23
Job_5247,34
Job_5248,44
Job_5249,44
Job_5250,100
Job_5251,79
Job_5252,17
Job_5253,63
Job_5254,57
Job_5255,82
Job_5256,75
Job_5257,55
Job_5258,93
Job_5259,69
Job_5260,39
Job_5261,10
Job_5262,98
Job_5263,60
Job_5264,28
Job_5265,35
Job_5266,54
Job_5267,68
Job_5268,44
Job_5269,22
Job_5270,4
Job_5271,59
Job_5272,100
Job_5273,9
Job_5274,84
Job_5275,74
Job_5276,55
Job_5277,18
Job_5278,80
Job_5279,70
Job_5280,18
Job_5281,98
Job_5282,70
Job_5283,25
Job_5284,9
Job_5285,14
Job_5286,86
Job_5287,47
Job_5288,20
Job_5289,14
Job_5290,94
Job_5291,30
Job_5292,29
Job_5293,53
Job_5294,68
Job_5295,89
Job_5296,40
Job_5297,85
Job_5298,68
Job_5299,33
Job_5300,84
Job_5301,80
Job_5302,27
Job_5303,67
Job_5304,2
Job_5305,52
Job_5306,38
Job_5307,1
Job_5308,25
Job_5309,53
Job_5310,61
Job_5311,22
Job_5312,6
Job_5313,32
Job_5314,30
Job_5315,59
Job_5316,100
Job_5317,89
Job_5318,89
Job_5319,65
Job_5320,71
Job_5321,71
Job_5322,6
Job_5323,44
Job_5324,32
Job_5325,32
Job_5326,66
Job_5327,8
Job_5328,40
Job_5329,37
Job_5330,25
Job_5331,55
Job_5332,36
Job_5333,1
Job_5334,82
Job_5335,62
Job_5336,4
Job_5337,79
Job_5338,72
Job_5339,16
Job_5340,46
Job_5341,66
Job_5342,74
Job_5343,76
Job_5344,97
Job_5345,10
Job_5346,55
Job_5347,34
Job_5348,10
Job_5349,16
Job_5350,43
Job_5351,31
Job_5352,4
Job_5353,49
Job_5354,74
Job_5355,22
Job_5356,46
Job_5357,60
Job_5358,53
Job_5359,100
Job_5360,7
Job_5361,59
Job_5362,59
Job_5363,84
Job_5364,27
Job_5365,25
Job_5366,10
Job_5367,81
Job_5368,12
Job_5369,66
Job_5370,18
Job_5371,91
Job_5372,91
Job_5373,1
Job_5374,68
Job_5375,9
Job_5376,43
Job_5377,61
Job_5378,20
Job_5379,28
Job_5380,84
Job_5381,50
Job_5382,6
Job_5383,23
Job_5384,68
Job_5385,13
Job_5386,46
Job_5387,57
Job_5388,46
Job_5389,100
Job_5390,58
Job_5391,73
Job_5392,72
Job_5393,30
Job_5394,79
Job_5395,54
Job_5396,24
Job_5397,65
Job_5398,29
Job_5399,99
Job_5400,96
Job_5401,10
Job_5402,1
Job_5403,47
Job_5404,69
Job_5405,12
Job_5406,19
Job_5407,22
Job_5408,16
Job_5409,52
Job_5410,60
Job_5411,67
Job_5412,23
Job_5413,5
Job_5414,65
Job_5415,84
Job_5416,98
Job_5417,7
Job_5418,3
Job_5419,43
Job_5420,23
Job_5421,30
Job_5422,12
Job_5423,67
Job_5424,22
Job_5425,72
Job_5426,13
Job_5427,88
Job_5428,64
Job_5429,50
Job_5430,91
Job_5431,85
Job_5432,24
Job_5433,2
Job_5434,27
Job_5435,73
Job_5436,19
Job_5437,14
Job_5438,1
Job_5439,51
Job_5440,22
Job_5441,45
Job_5442,4
Job_5443,95
Job_5444,42
Job_5445,88
Job_5446,56
Job_5447,7
Job_5448,20
Job_5449,31
Job_5450,67
Job_5451,44
Job_5452,45
Job_5453,5
Job_5454,68
Job_5455,76
Job_5456,50
Job_5457,70
Job_5458,60
Job_5459,68
Job_5460,62
Job_5461,60
Job_5462,31
Job_5463,34
Job_5464,78
Job_5465,99
Job_5466,56
Job_5467,39
Job_5468,16
Job_5469,51
Job_5470,87
Job_5471,55
Job_5472,73
Job_5473,18
Job_5474,47
Job_5475,54
Job_5476,17
Job_5477,34
Job_5478,80
Job_5479,12
Job_5480,92
Job_5481,96
Job_5482,83
Job_5483,95
Job_5484,34
Job_5485,69
Job_5486,62
Job_5487,58
Job_5488,14
Job_5489,70
Job_5490,47
Job_5491,48
Job_5492,45
Job_5493,88
Job_5494,98
Job_5495,51
Job_5496,94
Job_5497,86
Job_5498,24
Job_5499,16
Job_5500,76
Job_5501,95
Job_5502,41
Job_5503,97
Job_5504,40
Job_5505,50
Job_5506,2
Job_5507,90
Job_5508,96
Job_5509,80
Job_5510,7
Job_5511,85
Job_5512,33
Job_5513,99
Job_5514,9
Job_5515,18
Job_5516,89
Job_5517,18
Job_5518,4
Job_5519,53
Job_5520,65
Job_5521,93
Job_5522,49
Job_5523,87
Job_5524,71
Job_5525,96
Job_5526,34
Job_5527,94
Job_5528,90
Job_5529,38
Job_5530,36
Job_5531,47
Job_5532,49
Job_5533,63
Job_5534,22
Job_5535,50
Job_5536,39
Job_5537,5
Job_5538,29
Job_5539,69
Job_5540,44
Job_5541,59
Job_5542,20
Job_5543,52
Job_5544,64
Job_5545,4
Job_5546,1
Job_5547,73
Job_5548,53
Job_5549,60
Job_5550,97
Job_5551,32
Job_5552,64
Job_5553,87
Job_5554,34
Job_5555,79
Job_5556,8
Job_5557,2
Job_5558,6
Job_5559,67
Job_5560,77
Job_5561,73
Job_5562,11
Job_5563,44
Job_5564,54
Job_5565,92
Job_5566,66
Job_5567,33
Job_5568,39
Job_5569,3
Job_5570,2
Job_5571,26
Job_5572,67
Job_5573,12
Job_5574,92
Job_5575,73
Job_5576,23
Job_5577,67
Job_5578,69
Job_5579,89
Job_5580,48
Job_5581,57
Job_5582,77
Job_5583,50
Job_5584,31
Job_5585,27
Job_5586,59
Job_5587,76
Job_5588,31
Job_5589,93
Job_5590,75
Job_5591,60
Job_5592,20
Job_5593,34
Job_5594,23
Job_5595,6
Job_5596,89
Job_5597,43
Job_5598,3
Job_5599,96
Job_5600,97
Job_5601,92
Job_5602,84
Job_5603,48
Job_5604,72
Job_5605,26
Job_5606,67
Job_5607,73
Job_5608,98
Job_5609,19
Job_5610,76
Job_5611,17
Job_5612,62
Job_5613,26
Job_5614,80
Job_5615,93
Job_5616,99
Job_5617,60
Job_5618,91
Job_5619,57
Job_5620,37
Job_5621,7
Job_5622,15
Job_5623,13
Job_5624,8
Job_5625,23
Job_5626,82
Job_5627,92
Job_5628,69
Job_5629,42
Job_5630,79
Job_5631,65
Job_5632,5
Job_5633,41
Job_5634,17
Job_5635,3
Job_5636,13
Job_5637,11
Job_5638,2
Job_5639,54
Job_5640,47
Job_5641,54
Job_5642,72
Job_5643,45
Job_5644,16
Job_5645,100
Job_5646,4
Job_5647,4
Job_5648,25
Job_5649,35
Job_5650,42
Job_5651,38
Job_5652,87
Job_5653,34
Job_5654,85
Job_5655,11
Job_5656,84
Job_5657,41
Job_5658,44
Job_5659,28
Job_5660,9
Job_5661,83
Job_5662,4
Job_5663,87
Job_5664,23
Job_5665,38
Job_5666,98
Job_5667,43
Job_5668,74
Job_5669,45
Job_5670,70
Job_5671,57
Job_5672,64
Job_5673,90
Job_5674,66
Job_5675,53
Job_5676,66
Job_5677,35
Job_5678,68
Job_5679,97
Job_5680,71
Job_5681,61
Job_5682,71
Job_5683,11
Job_5684,54
Job_5685,79
Job_5686,70
Job_5687,58
Job_5688,41
Job_5689,48
Job_5690,35
Job_5691,83
Job_5692,26
Job_5693,67
Job_5694,9
Job_5695,55
Job_5696,98
Job_5697,35
Job_5698,94
Job_5699,61
Job_5700,17
Job_5701,29
Job_5702,44
Job_5703,81
Job_5704,98
Job_5705,10
Job_5706,41
Job_5707,78
Job_5708,63
Job_5709,85
Job_5710,41
Job_5711,98
Job_5712,50
Job_5713,68
Job_5714,97
Job_5715,17
Job_5716,93
Job_5717,3
Job_5718,31
Job_5719,81
Job_5720,71
Job_5721,59
Job_5722,56
Job_5723,24
Job_5724,47
Job_5725,63
Job_5726,49
Job_5727,99
Job_5728,3
Job_5729,71
Job_5730,27
Job_5731,49
Job_5732,12
Job_5733,58
Job_5734,39
Job_5735,62
Job_5736,68
Job_5737,63
Job_5738,78
Job_5739,8
Job_5740,86
Job_5741,10
Job_5742,100
Job_5743,67
Job_5744,95
Job_5745,12
Job_5746,19
Job_5747,21
Job_5748,69
Job_5749,33
Job_5750,41
Job_5751,99
Job_5752,32
Job_5753,7
Job_5754,54
Job_5755,27
Job_5756,53
Job_5757,95
Job_5758,78
Job_5759,56
Job_5760,23
Job_5761,66
Job_5762,88
Job_5763,15
Job_5764,15
Job_5765,4
Job_5766,69
Job_5767,83
Job_5768,6
Job_5769,95
Job_5770,73
Job_5771,2
Job_5772,44
Job_5773,84
Job_5774,51
Job_5775,57
Job_5776,3
Job_5777,56
Job_5778,7
Job_5779,19
Job_5780,20
Job_5781,47
Job_5782,66
Job_5783,18
Job_5784,27
Job_5785,84
Job_5786,26
Job_5787,9
Job_5788,43
Job_5789,70
Job_5790,80
Job_5791,27
Job_5792,74
Job_5793,50
Job_5794,24
Job_5795,74
Job_5796,22
Job_5797,69
Job_5798,13
Job_5799,94
Job_5800,100
Job_5801,56
Job_5802,91
Job_5803,82
Job_5804,67
Job_5805,85
Job_5806,5
Job_5807,90
Job_5808,63
Job_5809,52
Job_5810,98
Job_5811,2
Job_5812,49
Job_5813,14
Job_5814,62
Job_5815,99
Job_5816,25
Job_5817,62
Job_5818,24
Job_5819,25
Job_5820,73
Job_5821,21
Job_5822,52
Job_5823,72
Job_5824,47
Job_5825,36
Job_5826,19
Job_5827,53
Job_5828,56
Job_5829,70
Job_5830,67
Job_5831,52
Job_5832,6
Job_5833,100
Job_5834,33
Job_5835,84
Job_5836,91
Job_5837,70
Job_5838,97
Job_5839,19
Job_5840,96
Job_5841,55
Job_5842,21
Job_5843,44
Job_5844,2
Job_5845,17
Job_5846,23
Job_5847,79
Job_5848,96
Job_5849,45
Job_5850,83
Job_5851,22
Job_5852,35
Job_5853,22
Job_5854,7
Job_5855,22
Job_5856,48
Job_5857,83
Job_5858,6
Job_5859,81
Job_5860,15
Job_5861,92
Job_5862,86
Job_5863,51
Job_5864,80
Job_5865,9
Job_5866,46
Job_5867,12
Job_5868,11
Job_5869,41
Job_5870,29
Job_5871,83
Job_5872,54
Job_5873,84
Job_5874,20
Job_5875,77
Job_5876,64
Job_5877,78
Job_5878,39
Job_5879,76
Job_5880,6
Job_5881,12
Job_5882,87
Job_5883,10
Job_5884,85
Job_5885,61
Job_5886,39
Job_5887,52
Job_5888,60
Job_5889,64
Job_5890,3
Job_5891,70
Job_5892,60
Job_5893,13
Job_5894,99
Job_5895,81
Job_5896,13
Job_5897,70
Job_5898,16
Job_5899,46
Job_5900,25
Job_5901,99
Job_5902,55
Job_5903,10
Job_5904,49
Job_5905,13
Job_5906,21
Job_5907,24
Job_5908,12
Job_5909,16
Job_5910,68
Job_5911,5
Job_5912,82
Job_5913,75
Job_5914,72
Job_5915,25
Job_5916,51
Job_5917,93
Job_5918,45
Job_5919,85
Job_5920,41
Job_5921,90
Job_5922,8
Job_5923,39
Job_5924,32
Job_5925,44
Job_5926,51
Job_5927,58
Job_5928,56
Job_5929,80
Job_5930,33
Job_5931,10
Job_5932,8
Job_5933,76
Job_5934,31
Job_5935,91
Job_5936,49
Job_5937,68
Job_5938,51
Job_5939,76
Job_5940,70
Job_5941,1
Job_5942,65
Job_5943,100
Job_5944,49
Job_5945,34
Job_5946,42
Job_5947,31
Job_5948,56
Job_5949,35
Job_5950,30
Job_5951,20
Job_5952,26
Job_5953,83
Job_5954,31
Job_5955,81
Job_5956,88
Job_5957,71
Job_5958,9
Job_5959,63
Job_5960,8
Job_5961,15
Job_5962,47
Job_5963,19
Job_5964,91
Job_5965,18
Job_5966,63
Job_5967,77
Job_5968,5
Job_5969,51
Job_5970,77
Job_5971,17
Job_5972,51
Job_5973,29
Job_5974,6
Job_5975,23
Job_5976,69
Job_5977,54
Job_5978,29
Job_5979,12
Job_5980,89
Job_5981,45
Job_5982,10
Job_5983,95
Job_5984,16
Job_5985,7
Job_5986,10
Job_5987,50
Job_5988,68
Job_5989,46
Job_5990,28
Job_5991,95
Job_5992,77
Job_5993,9
Job_5994,25
Job_5995,59
Job_5996,88
Job_5997,30
Job_5998,72
Job_5999,47
Job_6000,86
Job_6001,40
Job_6002,60
Job_6003,99
Job_6004,97
Job_6005,40
Job_6006,26
Job_6007,14
Job_6008,58
Job_6009,52
Job_6010,84
Job_6011,57
Job_6012,49
Job_6013,58
Job_6014,11
Job_6015,79
Job_6016,32
Job_6017,68
Job_6018,81
Job_6019,8
Job_6020,5
Job_6021,65
Job_6022,8
Job_6023,40
Job_6024,84
Job_6025,50
Job_6026,34
Job_6027,52
Job_6028,46
Job_6029,18
Job_6030,53
Job_6031,57
Job_6032,68
Job_6033,2
Job_6034,84
Job_6035,34
Job_6036,1
Job_6037,20
Job_6038,88
Job_6039,58
Job_6040,48
Job_6041,57
Job_6042,28
Job_6043,96
Job_6044,74
Job_6045,32
Job_6046,73
Job_6047,27
Job_6048,100
Job_6049,97
Job_6050,51
Job_6051,47
Job_6052,5
Job_6053,10
Job_6054,47
Job_6055,91
Job_6056,44
Job_6057,76
Job_6058,74
Job_6059,30
Job_6060,24
Job_6061,16
Job_6062,47
Job_6063,67
Job_6064,26
Job_6065,26
Job_6066,5
Job_6067,16
Job_6068,61
Job_6069,80
Job_6070,15
Job_6071,73
Job_6072,79
Job_6073,83
Job_6074,36
Job_6075,93
Job_6076,81
Job_6077,66
Job_6078,22
Job_6079,73
Job_6080,11
Job_6081,1
Job_6082,47
Job_6083,16
Job_6084,90
Job_6085,71
Job_6086,60
Job_6087,67
Job_6088,98
Job_6089,62
Job_6090,74
Job_6091,7
Job_6092,56
Job_6093,54
Job_6094,42
Job_6095,99
Job_6096,28
Job_6097,89
Job_6098,91
Job_6099,88
Job_6100,47
Job_6101,3
Job_6102,47
Job_6103,92
Job_6104,91
Job_6105,21
Job_6106,88
Job_6107,47
Job_6108,3
Job_6109,91
Job_6110,12
Job_6111,32
Job_6112,48
Job_6113,3
Job_6114,100
Job_6115,63
Job_6116,12
Job_6117,34
Job_6118,43
Job_6119,95
Job_6120,24
Job_6121,79
Job_6122,36
Job_6123,65
Job_6124,74
Job_6125,69
Job_6126,49
Job_6127,8
Job_6128,59
Job_6129,80
Job_6130,86
Job_6131,46
Job_6132,1
Job_6133,50
Job_6134,76
Job_6135,20
Job_6136,36
Job_6137,79
Job_6138,36
Job_6139,72
Job_6140,65
Job_6141,22
Job_6142,14
Job_6143,79
Job_6144,61
Job_6145,29
Job_6146,22
Job_6147,7
Job_6148,97
Job_6149,77
Job_6150,18
Job_6151,50
Job_6152,15
Job_6153,62
Job_6154,35
Job_6155,8
Job_6156,33
Job_6157,62
Job_6158,36
Job_6159,47
Job_6160,50
Job_6161,95
Job_6162,56
Job_6163,84
Job_6164,1
Job_6165,98
Job_6166,28
Job_6167,13
Job_6168,96
Job_6169,25
Job_6170,38
Job_6171,13
Job_6172,23
Job_6173,83
Job_6174,95
Job_6175,80
Job_6176,16
Job_6177,23
Job_6178,80
Job_6179,61
Job_6180,87
Job_6181,79
Job_6182,41
Job_6183,14
Job_6184,52
Job_6185,93
Job_6186,69
Job_6187,64
Job_6188,58
Job_6189,26
Job_6190,63
Job_6191,60
Job_6192,29
Job_6193,48
Job_6194,39
Job_6195,62
Job_6196,4
Job_6197,25
Job_6198,30
Job_6199,42
Job_6200,23
Job_6201,25
Job_6202,18
Job_6203,15
Job_6204,99
Job_6205,6
Job_6206,7
Job_6207,95
Job_6208,90
Job_6209,65
Job_6210,10
Job_6211,25
Job_6212,61
Job_6213,10
Job_6214,55
Job_6215,11
Job_6216,57
Job_6217,78
Job_6218,34
Job_6219,90
Job_6220,16
Job_6221,31
Job_6222,13
Job_6223,71
Job_6224,33
Job_6225,64
Job_6226,85
Job_6227,4
Job_6228,8
Job_6229,71
Job_6230,98
Job_6231,20
Job_6232,60
Job_6233,48
Job_6234,24
Job_6235,23
Job_6236,95
Job_6237,91
Job_6238,74
Job_6239,23
Job_6240,54
Job_6241,56
Job_6242,75
Job_6243,88
Job_6244,74
Job_6245,88
Job_6246,29
Job_6247,20
Job_6248,65
Job_6249,43
Job_6250,10
Job_6251,66
Job_6252,2
Job_6253,53
Job_6254,65
Job_6255,24
Job_6256,10
Job_6257,58
Job_6258,55
Job_6259,64
Job_6260,55
Job_6261,90
Job_6262,18
Job_6263,52
Job_6264,49
Job_6265,10
Job_6266,53
Job_6267,28
Job_6268,7
Job_6269,18
Job_6270,36
Job_6271,72
Job_6272,88
Job_6273,32
Job_6274,13
Job_6275,9
Job_6276,52
Job_6277,92
Job_6278,35
Job_6279,5
Job_6280,20
Job_6281,43
Job_6282,44
Job_6283,78
Job_6284,65
Job_6285,97
Job_6286,54
Job_6287,96
Job_6288,68
Job_6289,47
Job_6290,44
Job_6291,44
Job_6292,3
Job_6293,59
Job_6294,96
Job_6295,59
Job_6296,33
Job_6297,2
Job_6298,19
Job_6299,40
Job_6300,27
Job_6301,72
Job_6302,18
Job_6303,83
Job_6304,23
Job_6305,57
Job_6306,52
Job_6307,76
Job_6308,90
Job_6309,19
Job_6310,92
Job_6311,39
Job_6312,6
Job_6313,40
Job_6314,1
Job_6315,34
Job_6316,46
Job_6317,97
Job_6318,84
Job_6319,60
Job_6320,87
Job_6321,45
Job_6322,83
Job_6323,99
Job_6324,20
Job_6325,81
Job_6326,83
Job_6327,46
Job_6328,81
Job_6329,93
Job_6330,14
Job_6331,3
Job_6332,65
Job_6333,19
Job_6334,74
Job_6335,12
Job_6336,39
Job_6337,37
Job_6338,64
Job_6339,100
Job_6340,74
Job_6341,96
Job_6342,27
Job_6343,57
Job_6344,100
Job_6345,87
Job_6346,38
Job_6347,2
Job_6348,60
Job_6349,100
Job_6350,79
Job_6351,79
Job_6352,38
Job_6353,12
Job_6354,53
Job_6355,85
Job_6356,18
Job_6357,73
Job_6358,98
Job_6359,53
Job_6360,92
Job_6361,22
Job_6362,37
Job_6363,29
Job_6364,32
Job_6365,30
Job_6366,88
Job_6367,81
Job_6368,24
Job_6369,1
Job_6370,47
Job_6371,12
Job_6372,81
Job_6373,43
Job_6374,89
Job_6375,13
Job_6376,4
Job_6377,32
Job_6378,91
Job_6379,75
Job_6380,11
Job_6381,49
Job_6382,65
Job_6383,56
Job_6384,96
Job_6385,17
Job_6386,15
Job_6387,23
Job_6388,73
Job_6389,11
Job_6390,41
Job_6391,96
Job_6392,70
Job_6393,50
Job_6394,1
Job_6395,56
Job_6396,18
Job_6397,96
Job_6398,97
Job_6399,59
Job_6400,38
Job_6401,85
Job_6402,78
Job_6403,59
Job_6404,66
Job_6405,74
Job_6406,24
Job_6407,26
Job_6408,64
Job_6409,46
Job_6410,57
Job_6411,56
Job_6412,60
Job_6413,10
Job_6414,40
Job_6415,81
Job_6416,53
Job_6417,52
Job_6418,32
Job_6419,32
Job_6420,96
Job_6421,62
Job_6422,34
Job_6423,1
Job_6424,88
Job_6425,57
Job_6426,100
Job_6427,79
Job_6428,28
Job_6429,69
Job_6430,95
Job_6431,92
Job_6432,41
Job_6433,5
Job_6434,100
Job_6435,83
Job_6436,7
Job_6437,57
Job_6438,38
Job_6439,60
Job_6440,94
Job_6441,34
Job_6442,40
Job_6443,11
Job_6444,24
Job_6445,21
Job_6446,92
Job_6447,45
Job_6448,82
Job_6449,66
Job_6450,6
Job_6451,16
Job_6452,90
Job_6453,51
Job_6454,96
Job_6455,58
Job_6456,43
Job_6457,68
Job_6458,26
Job_6459,26
Job_6460,76
Job_6461,76
Job_6462,40
Job_6463,33
Job_6464,75
Job_6465,40
Job_6466,9
Job_6467,63
Job_6468,44
Job_6469,98
Job_6470,7
Job_6471,90
Job_6472,18
Job_6473,57
Job_6474,82
Job_6475,41
Job_6476,35
Job_6477,84
Job_6478,65
Job_6479,40
Job_6480,83
Job_6481,13
Job_6482,16
Job_6483,79
Job_6484,31
Job_6485,32
Job_6486,7
Job_6487,66
Job_6488,85
Job_6489,19
Job_6490,58
Job_6491,72
Job_6492,72
Job_6493,44
Job_6494,2
Job_6495,79
Job_6496,55
Job_6497,98
Job_6498,51
Job_6499,3
Job_6500,36
Job_6501,80
Job_6502,17
Job_6503,58
Job_6504,33
Job_6505,92
Job_6506,66
Job_6507,40
Job_6508,85
Job_6509,66
Job_6510,67
Job_6511,52
Job_6512,61
Job_6513,97
Job_6514,70
Job_6515,52
Job_6516,91
Job_6517,14
Job_6518,62
Job_6519,9
Job_6520,43
Job_6521,57
Job_6522,21
Job_6523,82
Job_6524,28
Job_6525,83
Job_6526,43
Job_6527,35
Job_6528,11
Job_6529,26
Job_6530,38
Job_6531,27
Job_6532,91
Job_6533,71
Job_6534,26
Job_6535,36
Job_6536,64
Job_6537,7
Job_6538,53
Job_6539,99
Job_6540,18
Job_6541,54
Job_6542,51
Job_6543,75
Job_6544,95
Job_6545,52
Job_6546,69
Job_6547,45
Job_6548,23
Job_6549,62
Job_6550,60
Job_6551,20
Job_6552,77
Job_6553,97
Job_6554,45
Job_6555,42
Job_6556,31
Job_6557,56
Job_6558,82
Job_6559,73
Job_6560,58
Job_6561,48
Job_6562,87
Job_6563,43
Job_6564,3
Job_6565,10
Job_6566,28
Job_6567,85
Job_6568,43
Job_6569,16
Job_6570,19
Job_6571,11
Job_6572,40
Job_6573,20
Job_6574,8
Job_6575,51
Job_6576,95
Job_6577,24
Job_6578,73
Job_6579,23
Job_6580,83
Job_6581,26
Job_6582,87
Job_6583,52
Job_6584,48
Job_6585,93
Job_6586,1
Job_6587,52
Job_6588,13
Job_6589,66
Job_6590,52
Job_6591,20
Job_6592,43
Job_6593,88
Job_6594,58
Job_6595,20
Job_6596,47
Job_6597,14
Job_6598,43
Job_6599,100
Job_6600,21
Job_6601,61
Job_6602,50
Job_6603,15
Job_6604,70
Job_6605,71
Job_6606,45
Job_6607,55
Job_6608,68
Job_6609,2
Job_6610,87
Job_6611,10
Job_6612,22
Job_6613,87
Job_6614,86
Job_6615,23
Job_6616,16
Job_6617,55
Job_6618,28
Job_6619,80
Job_6620,2
Job_6621,8
Job_6622,53
Job_6623,52
Job_6624,71
Job_6625,70
Job_6626,68
Job_6627,72
Job_6628,28
Job_6629,42
Job_6630,29
Job_6631,13
Job_6632,43
Job_6633,9
Job_6634,69
Job_6635,68
Job_6636,4
Job_6637,6
Job_6638,98
Job_6639,97
Job_6640,81
Job_6641,50
Job_6642,85
Job_6643,48
Job_6644,45
Job_6645,71
Job_6646,92
Job_6647,24
Job_6648,55
Job_6649,10
Job_6650,71
Job_6651,62
Job_6652,17
Job_6653,93
Job_6654,26
Job_6655,34
Job_6656,79
Job_6657,78
Job_6658,78
Job_6659,27
Job_6660,73
Job_6661,40
Job_6662,86
Job_6663,52
Job_6664,7
Job_6665,64
Job_6666,25
Job_6667,14
Job_6668,80
Job_6669,29
Job_6670,16
Job_6671,90
Job_6672,20
Job_6673,21
Job_6674,63
Job_6675,50
Job_6676,29
Job_6677,46
Job_6678,85
Job_6679,29
Job_6680,56
Job_6681,42
Job_6682,66
Job_6683,34
Job_6684,38
Job_6685,34
Job_6686,14
Job_6687,1
Job_6688,70
Job_6689,55
Job_6690,47
Job_6691,81
Job_6692,36
Job_6693,65
Job_6694,58
Job_6695,53
Job_6696,92
Job_6697,1
Job_6698,52
Job_6699,59
Job_6700,84
Job_6701,70
Job_6702,64
Job_6703,45
Job_6704,72
Job_6705,3
Job_6706,63
Job_6707,92
Job_6708,3
Job_6709,67
Job_6710,72
Job_6711,2
Job_6712,60
Job_6713,6
Job_6714,81
Job_6715,50
Job_6716,43
Job_6717,36
Job_6718,23
Job_6719,42
Job_6720,12
Job_6721,66
Job_6722,1
Job_6723,37
Job_6724,39
Job_6725,10
Job_6726,18
Job_6727,99
Job_6728,53
Job_6729,13
Job_6730,54
Job_6731,30
Job_6732,27
Job_6733,22
Job_6734,29
Job_6735,26
Job_6736,6
Job_6737,79
Job_6738,28
Job_6739,45
Job_6740,45
Job_6741,41
Job_6742,56
Job_6743,45
Job_6744,20
Job_6745,68
Job_6746,65
Job_6747,32
Job_6748,10
Job_6749,97
Job_6750,21
Job_6751,56
Job_6752,62
Job_6753,83
Job_6754,14
Job_6755,40
Job_6756,46
Job_6757,37
Job_6758,11
Job_6759,39
Job_6760,35
Job_6761,9
Job_6762,36
Job_6763,72
Job_6764,4
Job_6765,19
Job_6766,36
Job_6767,9
Job_6768,56
Job_6769,38
Job_6770,97
Job_6771,58
Job_6772,56
Job_6773,37
Job_6774,68
Job_6775,33
Job_6776,21
Job_6777,27
Job_6778,99
Job_6779,4
Job_6780,10
Job_6781,86
Job_6782,15
Job_6783,49
Job_6784,98
Job_6785,3
Job_6786,41
Job_6787,37
Job_6788,37
Job_6789,27
Job_6790,66
Job_6791,72
Job_6792,98
Job_6793,74
Job_6794,78
Job_6795,43
Job_6796,22
Job_6797,46
Job_6798,13
Job_6799,68
Job_6800,10
Job_6801,84
Job_6802,11
Job_6803,45
Job_6804,94
Job_6805,78
Job_6806,34
Job_6807,85
Job_6808,42
Job_6809,96
Job_6810,72
Job_6811,28
Job_6812,91
Job_6813,82
Job_6814,79
Job_6815,82
Job_6816,6
Job_6817,41
Job_6818,83
Job_6819,78
Job_6820,78
Job_6821,37
Job_6822,68
Job_6823,93
Job_6824,54
Job_6825,93
Job_6826,41
Job_6827,32
Job_6828,30
Job_6829,27
Job_6830,52
Job_6831,68
Job_6832,81
Job_6833,55
Job_6834,82
Job_6835,32
Job_6836,40
Job_6837,25
Job_6838,20
Job_6839,74
Job_6840,58
Job_6841,21
Job_6842,97
Job_6843,77
Job_6844,56
Job_6845,52
Job_6846,33
Job_6847,44
Job_6848,12
Job_6849,64
Job_6850,52
Job_6851,20
Job_6852,98
Job_6853,23
Job_6854,83
Job_6855,69
Job_6856,91
Job_6857,13
Job_6858,68
Job_6859,21
Job_6860,30
Job_6861,83
Job_6862,41
Job_6863,98
Job_6864,89
Job_6865,49
Job_6866,88
Job_6867,30
Job_6868,28
Job_6869,74
Job_6870,46
Job_6871,75
Job_6872,83
Job_6873,25
Job_6874,63
Job_6875,60
Job_6876,2
Job_6877,54
Job_6878,86
Job_6879,38
Job_6880,82
Job_6881,6
Job_6882,14
Job_6883,33
Job_6884,65
Job_6885,79
Job_6886,35
Job_6887,99
Job_6888,28
Job_6889,22
Job_6890,98
Job_6891,93
Job_6892,82
Job_6893,9
Job_6894,15
Job_6895,37
Job_6896,91
Job_6897,33
Job_6898,49
Job_6899,87
Job_6900,32
Job_6901,13
Job_6902,42
Job_6903,93
Job_6904,12
Job_6905,96
Job_6906,2
Job_6907,45
Job_6908,60
Job_6909,20
Job_6910,41
Job_6911,88
Job_6912,73
Job_6913,34
Job_6914,99
Job_6915,68
Job_6916,96
Job_6917,66
Job_6918,47
Job_6919,67
Job_6920,62
Job_6921,97
Job_6922,88
Job_6923,5
Job_6924,43
Job_6925,92
Job_6926,59
Job_6927,16
Job_6928,47
Job_6929,66
Job_6930,78
Job_6931,25
Job_6932,98
Job_6933,64
Job_6934,44
Job_6935,21
Job_6936,14
Job_6937,86
Job_6938,50
Job_6939,62
Job_6940,89
Job_6941,34
Job_6942,40
Job_6943,75
Job_6944,85
Job_6945,9
Job_6946,20
Job_6947,51
Job_6948,9
Job_6949,46
Job_6950,41
Job_6951,10
Job_6952,89
Job_6953,17
Job_6954,70
Job_6955,100
Job_6956,22
Job_6957,54
Job_6958,17
Job_6959,81
Job_6960,21
Job_6961,38
Job_6962,12
Job_6963,69
Job_6964,32
Job_6965,30
Job_6966,50
Job_6967,67
Job_6968,54
Job_6969,70
Job_6970,2
Job_6971,47
Job_6972,82
Job_6973,66
Job_6974,28
Job_6975,31
Job_6976,88
Job_6977,12
Job_6978,2
Job_6979,31
Job_6980,5
Job_6981,60
Job_6982,77
Job_6983,62
Job_6984,20
Job_6985,23
Job_6986,67
Job_6987,60
Job_6988,59
Job_6989,40
Job_6990,83
Job_6991,99
Job_6992,89
Job_6993,76
Job_6994,12
Job_6995,44
Job_6996,8
Job_6997,41
Job_6998,26
Job_6999,37
Job_7000,81
Job_7001,31
Job_7002,8
Job_7003,17
Job_7004,53
Job_7005,3
Job_7006,22
Job_7007,28
Job_7008,99
Job_7009,17
Job_7010,7
Job_7011,43
Job_7012,78
Job_7013,87
Job_7014,35
Job_7015,83
Job_7016,55
Job_7017,69
Job_7018,72
Job_7019,4
Job_7020,8
Job_7021,22
Job_7022,11
Job_7023,48
Job_7024,27
Job_7025,33
Job_7026,39
Job_7027,62
Job_7028,64
Job_7029,81
Job_7030,31
Job_7031,40
Job_7032,16
Job_7033,81
Job_7034,99
Job_7035,36
Job_7036,60
Job_7037,86
Job_7038,41
Job_7039,72
Job_7040,57
Job_7041,31
Job_7042,82
Job_7043,82
Job_7044,6
Job_7045,1
Job_7046,69
Job_7047,2
Job_7048,40
Job_7049,28
Job_7050,69
Job_7051,53
Job_7052,14
Job_7053,1
Job_7054,18
Job_7055,43
Job_7056,88
Job_7057,85
Job_7058,8
Job_7059,82
Job_7060,89
Job_7061,9
Job_7062,31
Job_7063,60
Job_7064,76
Job_7065,3
Job_7066,70
Job_7067,88
Job_7068,98
Job_7069,41
Job_7070,9
Job_7071,35
Job_7072,82
Job_7073,30
Job_7074,21
Job_7075,18
Job_7076,59
Job_7077,50
Job_7078,25
Job_7079,74
Job_7080,89
Job_7081,62
Job_7082,9
Job_7083,63
Job_7084,76
Job_7085,51
Job_7086,68
Job_7087,37
Job_7088,77
Job_7089,70
Job_7090,49
Job_7091,4
Job_7092,80
Job_7093,100
Job_7094,54
Job_7095,62
Job_7096,74
Job_7097,37
Job_7098,30
Job_7099,30
Job_7100,18
Job_7101,35
Job_7102,5
Job_7103,93
Job_7104,34
Job_7105,8
Job_7106,57
Job_7107,84
Job_7108,33
Job_7109,40
Job_7110,11
Job_7111,80
Job_7112,70
Job_7113,98
Job_7114,31
Job_7115,24
Job_7116,44
Job_7117,15
Job_7118,29
Job_7119,29
Job_7120,7
Job_7121,53
Job_7122,94
Job_7123,84
Job_7124,56
Job_7125,18
Job_7126,69
Job_7127,50
Job_7128,80
Job_7129,53
Job_7130,33
Job_7131,83
Job_7132,22
Job_7133,6
Job_7134,8
Job_7135,68
Job_7136,9
Job_7137,4
Job_7138,18
Job_7139,59
Job_7140,72
Job_7141,40
Job_7142,50
Job_7143,44
Job_7144,31
Job_7145,95
Job_7146,61
Job_7147,8
Job_7148,93
Job_7149,21
Job_7150,88
Job_7151,88
Job_7152,7
Job_7153,54
Job_7154,47
Job_7155,55
Job_7156,68
Job_7157,56
Job_7158,8
Job_7159,94
Job_7160,25
Job_7161,16
Job_7162,72
Job_7163,44
Job_7164,67
Job_7165,85
Job_7166,23
Job_7167,17
Job_7168,73
Job_7169,36
Job_7170,24
Job_7171,69
Job_7172,19
Job_7173,86
Job_7174,75
Job_7175,35
Job_7176,16
Job_7177,10
Job_7178,92
Job_7179,19
Job_7180,85
Job_7181,29
Job_7182,11
Job_7183,52
Job_7184,80
Job_7185,48
Job_7186,21
Job_7187,42
Job_7188,20
Job_7189,59
Job_7190,96
Job_7191,95
Job_7192,8
Job_7193,90
Job_7194,100
Job_7195,56
Job_7196,79
Job_7197,76
Job_7198,99
Job_7199,44
Job_7200,66
Job_7201,85
Job_7202,90
Job_7203,13
Job_7204,6
Job_7205,7
Job_7206,91
Job_7207,69
Job_7208,72
Job_7209,12
Job_7210,52
Job_7211,65
Job_7212,69
Job_7213,53
Job_7214,33
Job_7215,68
Job_7216,55
Job_7217,3
Job_7218,81
Job_7219,24
Job_7220,12
Job_7221,28
Job_7222,60
Job_7223,11
Job_7224,5
Job_7225,88
Job_7226,33
Job_7227,32
Job_7228,41
Job_7229,53
Job_7230,71
Job_7231,99
Job_7232,73
Job_7233,2
Job_7234,65
Job_7235,80
Job_7236,81
Job_7237,35
Job_7238,6
Job_7239,48
Job_7240,48
Job_7241,85
Job_7242,97
Job_7243,81
Job_7244,97
Job_7245,52
Job_7246,57
Job_7247,80
Job_7248,48
Job_7249,63
Job_7250,98
Job_7251,35
Job_7252,48
Job_7253,91
Job_7254,20
Job_7255,78
Job_7256,11
Job_7257,53
Job_7258,67
Job_7259,8
Job_7260,23
Job_7261,13
Job_7262,91
Job_7263,4
Job_7264,7
Job_7265,34
Job_7266,9
Job_7267,74
Job_7268,61
Job_7269,62
Job_7270,65
Job_7271,72
Job_7272,11
Job_7273,72
Job_7274,77
Job_7275,59
Job_7276,83
Job_7277,77
Job_7278,87
Job_7279,27
Job_7280,55
Job_7281,78
Job_7282,35
Job_7283,88
Job_7284,29
Job_7285,56
Job_7286,89
Job_7287,46
Job_7288,8
Job_7289,89
Job_7290,45
Job_7291,92
Job_7292,25
Job_7293,66
Job_7294,31
Job_7295,82
Job_7296,80
Job_7297,74
Job_7298,75
Job_7299,91
Job_7300,9
Job_7301,6
Job_7302,24
Job_7303,22
Job_7304,53
Job_7305,76
Job_7306,49
Job_7307,16
Job_7308,3
Job_7309,56
Job_7310,68
Job_7311,3
Job_7312,61
Job_7313,100
Job_7314,75
Job_7315,9
Job_7316,77
Job_7317,21
Job_7318,86
Job_7319,42
Job_7320,39
Job_7321,64
Job_7322,99
Job_7323,72
Job_7324,82
Job_7325,34
Job_7326,50
Job_7327,10
Job_7328,48
Job_7329,44
Job_7330,87
Job_7331,4
Job_7332,77
Job_7333,97
Job_7334,65
Job_7335,30
Job_7336,59
Job_7337,80
Job_7338,26
Job_7339,53
Job_7340,18
Job_7341,67
Job_7342,53
Job_7343,10
Job_7344,62
Job_7345,3
Job_7346,74
Job_7347,77
Job_7348,70
Job_7349,94
Job_7350,47
Job_7351,9
Job_7352,89
Job_7353,74
Job_7354,45
Job_7355,98
Job_7356,20
Job_7357,20
Job_7358,33
Job_7359,29
Job_7360,1
Job_7361,28
Job_7362,68
Job_7363,69
Job_7364,12
Job_7365,89
Job_7366,85
Job_7367,11
Job_7368,49
Job_7369,35
Job_7370,2
Job_7371,52
Job_7372,98
Job_7373,47
Job_7374,53
Job_7375,63
Job_7376,1
Job_7377,54
Job_7378,54
Job_7379,7
Job_7380,82
Job_7381,60
Job_7382,52
Job_7383,28
Job_7384,97
Job_7385,43
Job_7386,28
Job_7387,69
Job_7388,27
Job_7389,95
Job_7390,57
Job_7391,17
Job_7392,2
Job_7393,72
Job_7394,90
Job_7395,95
Job_7396,60
Job_7397,98
Job_7398,55
Job_7399,8
Job_7400,73
Job_7401,43
Job_7402,26
Job_7403,21
Job_7404,35
Job_7405,21
Job_7406,15
Job_7407,45
Job_7408,84
Job_7409,90
Job_7410,63
Job_7411,1
Job_7412,19
Job_7413,99
Job_7414,83
Job_7415,99
Job_7416,100
Job_7417,63
Job_7418,49
Job_7419,19
Job_7420,33
Job_7421,68
Job_7422,68
Job_7423,56
Job_7424,47
Job_7425,22
Job_7426,30
Job_7427,100
Job_7428,5
Job_7429,93
Job_7430,14
Job_7431,18
Job_7432,37
Job_7433,59
Job_7434,92
Job_7435,39
Job_7436,100
Job_7437,44
Job_7438,64
Job_7439,89
Job_7440,84
Job_7441,85
Job_7442,93
Job_7443,1
Job_7444,96
Job_7445,76
Job_7446,7
Job_7447,57
Job_7448,13
Job_7449,69
Job_7450,77
Job_7451,28
Job_7452,61
Job_7453,5
Job_7454,57
Job_7455,67
Job_7456,35
Job_7457,45
Job_7458,48
Job_7459,71
Job_7460,43
Job_7461,65
Job_7462,85
Job_7463,20
Job_7464,45
Job_7465,13
Job_7466,20
Job_7467,2
Job_7468,81
Job_7469,30
Job_7470,49
Job_7471,74
Job_7472,67
Job_7473,8
Job_7474,97
Job_7475,18
Job_7476,8
Job_7477,90
Job_7478,49
Job_7479,94
Job_7480,91
Job_7481,88
Job_7482,7
Job_7483,59
Job_7484,61
Job_7485,47
Job_7486,19
Job_7487,2
Job_7488,94
Job_7489,100
Job_7490,70
Job_7491,88
Job_7492,96
Job_7493,38
Job_7494,66
Job_7495,86
Job_7496,85
Job_7497,8
Job_7498,17
Job_7499,32
Job_7500,31
Job_7501,51
Job_7502,79
Job_7503,4
Job_7504,77
Job_7505,76
Job_7506,88
Job_7507,51
Job_7508,50
Job_7509,30
Job_7510,71
Job_7511,69
Job_7512,42
Job_7513,63
Job_7514,69
Job_7515,27
Job_7516,20
Job_7517,12
Job_7518,14
Job_7519,30
Job_7520,32
Job_7521,56
Job_7522,37
Job_7523,89
Job_7524,88
Job_7525,27
Job_7526,30
Job_7527,43
Job_7528,54
Job_7529,92
Job_7530,54
Job_7531,50
Job_7532,70
Job_7533,3
Job_7534,3
Job_7535,82
Job_7536,29
Job_7537,29
Job_7538,29
Job_7539,1
Job_7540,4
Job_7541,72
Job_7542,25
Job_7543,34
Job_7544,16
Job_7545,50
Job_7546,42
Job_7547,90
Job_7548,17
Job_7549,64
Job_7550,42
Job_7551,58
Job_7552,28
Job_7553,83
Job_7554,35
Job_7555,48
Job_7556,27
Job_7557,94
Job_7558,56
Job_7559,23
Job_7560,20
Job_7561,87
Job_7562,14
Job_7563,41
Job_7564,31
Job_7565,21
Job_7566,79
Job_7567,33
Job_7568,65
Job_7569,66
Job_7570,88
Job_7571,20
Job_7572,96
Job_7573,39
Job_7574,71
Job_7575,31
Job_7576,4
Job_7577,8
Job_7578,52
Job_7579,37
Job_7580,6
Job_7581,75
Job_7582,4
Job_7583,63
Job_7584,41
Job_7585,89
Job_7586,11
Job_7587,10
Job_7588,4
Job_7589,27
Job_7590,2
Job_7591,57
Job_7592,51
Job_7593,9
Job_7594,39
Job_7595,52
Job_7596,62
Job_7597,8
Job_7598,56
Job_7599,82
Job_7600,33
Job_7601,5
Job_7602,47
Job_7603,28
Job_7604,44
Job_7605,37
Job_7606,16
Job_7607,97
Job_7608,19
Job_7609,60
Job_7610,56
Job_7611,64
Job_7612,39
Job_7613,57
Job_7614,76
Job_7615,45
Job_7616,86
Job_7617,46
Job_7618,18
Job_7619,39
Job_7620,41
Job_7621,44
Job_7622,46
Job_7623,48
Job_7624,93
Job_7625,8
Job_7626,98
Job_7627,43
Job_7628,23
Job_7629,61
Job_7630,66
Job_7631,10
Job_7632,26
Job_7633,68
Job_7634,83
Job_7635,28
Job_7636,46
Job_7637,6
Job_7638,33
Job_7639,16
Job_7640,99
Job_7641,97
Job_7642,31
Job_7643,100
Job_7644,34
Job_7645,36
Job_7646,2
Job_7647,99
Job_7648,45
Job_7649,33
Job_7650,70
Job_7651,69
Job_7652,81
Job_7653,41
Job_7654,13
Job_7655,12
Job_7656,31
Job_7657,37
Job_7658,5
Job_7659,36
Job_7660,19
Job_7661,6
Job_7662,50
Job_7663,87
Job_7664,7
Job_7665,53
Job_7666,48
Job_7667,3
Job_7668,2
Job_7669,61
Job_7670,69
Job_7671,81
Job_7672,93
Job_7673,17
Job_7674,47
Job_7675,1
Job_7676,27
Job_7677,78
Job_7678,89
Job_7679,55
Job_7680,31
Job_7681,46
Job_7682,39
Job_7683,18
Job_7684,95
Job_7685,24
Job_7686,75
Job_7687,36
Job_7688,86
Job_7689,71
Job_7690,76
Job_7691,45
Job_7692,49
Job_7693,49
Job_7694,86
Job_7695,14
Job_7696,82
Job_7697,15
Job_7698,4
Job_7699,39
Job_7700,62
Job_7701,55
Job_7702,28
Job_7703,73
Job_7704,67
Job_7705,14
Job_7706,66
Job_7707,12
Job_7708,68
Job_7709,39
Job_7710,64
Job_7711,89
Job_7712,90
Job_7713,37
Job_7714,74
Job_7715,26
Job_7716,68
Job_7717,33
Job_7718,74
Job_7719,15
Job_7720,98
Job_7721,38
Job_7722,94
Job_7723,52
Job_7724,90
Job_7725,33
Job_7726,14
Job_7727,88
Job_7728,46
Job_7729,67
Job_7730,5
Job_7731,6
Job_7732,84
Job_7733,38
Job_7734,100
Job_7735,72
Job_7736,3
Job_7737,70
Job_7738,94
Job_7739,52
Job_7740,75
Job_7741,31
Job_7742,34
Job_7743,14
Job_7744,79
Job_7745,54
Job_7746,46
Job_7747,36
Job_7748,4
Job_7749,9
Job_7750,43
Job_7751,88
Job_7752,63
Job_7753,41
Job_7754,9
Job_7755,57
Job_7756,100
Job_7757,43
Job_7758,58
Job_7759,60
Job_7760,78
Job_7761,55
Job_7762,52
Job_7763,61
Job_7764,43
Job_7765,74
Job_7766,45
Job_7767,75
Job_7768,64
Job_7769,49
Job_7770,24
Job_7771,55
Job_7772,38
Job_7773,86
Job_7774,24
Job_7775,97
Job_7776,15
Job_7777,95
Job_7778,74
Job_7779,12
Job_7780,99
Job_7781,67
Job_7782,9
Job_7783,33
Job_7784,44
Job_7785,52
Job_7786,88
Job_7787,66
Job_7788,34
Job_7789,24
Job_7790,53
Job_7791,18
Job_7792,99
Job_7793,18
Job_7794,16
Job_7795,2
Job_7796,47
Job_7797,33
Job_7798,26
Job_7799,51
Job_7800,6
Job_7801,26
Job_7802,20
Job_7803,2
Job_7804,38
Job_7805,49
Job_7806,4
Job_7807,43
Job_7808,21
Job_7809,4
Job_7810,6
Job_7811,85
Job_7812,24
Job_7813,2
Job_7814,35
Job_7815,63
Job_7816,77
Job_7817,69
Job_7818,84
Job_7819,50
Job_7820,21
Job_7821,22
Job_7822,19
Job_7823,40
Job_7824,39
Job_7825,69
Job_7826,81
Job_7827,42
Job_7828,54
Job_7829,57
Job_7830,30
Job_7831,82
Job_7832,36
Job_7833,31
Job_7834,21
Job_7835,96
Job_7836,84
Job_7837,65
Job_7838,23
Job_7839,59
Job_7840,20
Job_7841,50
Job_7842,38
Job_7843,71
Job_7844,19
Job_7845,49
Job_7846,99
Job_7847,93
Job_7848,98
Job_7849,85
Job_7850,85
Job_7851,35
Job_7852,38
Job_7853,30
Job_7854,85
Job_7855,54
Job_7856,90
Job_7857,84
Job_7858,23
Job_7859,37
Job_7860,29
Job_7861,21
Job_7862,57
Job_7863,69
Job_7864,27
Job_7865,69
Job_7866,58
Job_7867,64
Job_7868,90
Job_7869,30
Job_7870,94
Job_7871,9
Job_7872,68
Job_7873,11
Job_7874,30
Job_7875,91
Job_7876,55
Job_7877,84
Job_7878,10
Job_7879,31
Job_7880,6
Job_7881,47
Job_7882,94
Job_7883,97
Job_7884,61
Job_7885,58
Job_7886,31
Job_7887,79
Job_7888,23
Job_7889,24
Job_7890,44
Job_7891,14
Job_7892,4
Job_7893,15
Job_7894,24
Job_7895,44
Job_7896,100
Job_7897,23
Job_7898,21
Job_7899,67
Job_7900,28
Job_7901,6
Job_7902,41
Job_7903,82
Job_7904,39
Job_7905,2
Job_7906,39
Job_7907,91
Job_7908,15
Job_7909,54
Job_7910,16
Job_7911,64
Job_7912,15
Job_7913,40
Job_7914,42
Job_7915,1
Job_7916,57
Job_7917,40
Job_7918,82
Job_7919,5
Job_7920,99
Job_7921,92
Job_7922,40
Job_7923,76
Job_7924,23
Job_7925,90
Job_7926,68
Job_7927,28
Job_7928,15
Job_7929,72
Job_7930,45
Job_7931,33
Job_7932,1
Job_7933,46
Job_7934,44
Job_7935,81
Job_7936,63
Job_7937,30
Job_7938,60
Job_7939,2
Job_7940,33
Job_7941,87
Job_7942,91
Job_7943,54
Job_7944,49
Job_7945,25
Job_7946,7
Job_7947,6
Job_7948,37
Job_7949,100
Job_7950,49
Job_7951,13
Job_7952,39
Job_7953,50
Job_7954,73
Job_7955,91
Job_7956,78
Job_7957,43
Job_7958,83
Job_7959,17
Job_7960,88
Job_7961,39
Job_7962,29
Job_7963,81
Job_7964,99
Job_7965,54
Job_7966,52
Job_7967,15
Job_7968,99
Job_7969,59
Job_7970,8
Job_7971,26
Job_7972,26
Job_7973,29
Job_7974,64
Job_7975,49
Job_7976,89
Job_7977,89
Job_7978,1
Job_7979,83
Job_7980,87
Job_7981,19
Job_7982,61
Job_7983,32
Job_7984,91
Job_7985,42
Job_7986,80
Job_7987,72
Job_7988,46
Job_7989,96
Job_7990,8
Job_7991,33
Job_7992,2
Job_7993,75
Job_7994,49
Job_7995,41
Job_7996,9
Job_7997,24
Job_7998,4
Job_7999,21
Job_8000,50
Job_8001,23
Job_8002,55
Job_8003,42
Job_8004,24
Job_8005,74
Job_8006,21
Job_8007,23
Job_8008,80
Job_8009,25
Job_8010,58
Job_8011,17
Job_8012,18
Job_8013,43
Job_8014,54
Job_8015,53
Job_8016,41
Job_8017,87
Job_8018,92
Job_8019,36
Job_8020,66
Job_8021,19
Job_8022,37
Job_8023,67
Job_8024,3
Job_8025,45
Job_8026,48
Job_8027,97
Job_8028,58
Job_8029,47
Job_8030,74
Job_8031,30
Job_8032,25
Job_8033,48
Job_8034,49
Job_8035,53
Job_8036,36
Job_8037,17
Job_8038,55
Job_8039,68
Job_8040,13
Job_8041,68
Job_8042,38
Job_8043,59
Job_8044,87
Job_8045,20
Job_8046,73
Job_8047,37
Job_8048,81
Job_8049,39
Job_8050,15
Job_8051,65
Job_8052,69
Job_8053,65
Job_8054,68
Job_8055,55
Job_8056,94
Job_8057,41
Job_8058,47
Job_8059,85
Job_8060,17
Job_8061,16
Job_8062,35
Job_8063,74
Job_8064,20
Job_8065,90
Job_8066,92
Job_8067,25
Job_8068,70
Job_8069,30
Job_8070,34
Job_8071,50
Job_8072,74
Job_8073,98
Job_8074,64
Job_8075,70
Job_8076,84
Job_8077,63
Job_8078,9
Job_8079,75
Job_8080,87
Job_8081,42
Job_8082,31
Job_8083,36
Job_8084,95
Job_8085,26
Job_8086,27
Job_8087,18
Job_8088,96
Job_8089,13
Job_8090,75
Job_8091,64
Job_8092,23
Job_8093,21
Job_8094,57
Job_8095,87
Job_8096,75
Job_8097,34
Job_8098,81
Job_8099,65
Job_8100,15
Job_8101,6
Job_8102,99
Job_8103,12
Job_8104,17
Job_8105,26
Job_8106,69
Job_8107,56
Job_8108,54
Job_8109,81
Job_8110,34
Job_8111,12
Job_8112,48
Job_8113,15
Job_8114,59
Job_8115,52
Job_8116,99
Job_8117,23
Job_8118,3
Job_8119,66
Job_8120,39
Job_8121,69
Job_8122,62
Job_8123,78
Job_8124,43
Job_8125,32
Job_8126,8
Job_8127,33
Job_8128,44
Job_8129,100
Job_8130,80
Job_8131,83
Job_8132,49
Job_8133,68
Job_8134,18
Job_8135,11
Job_8136,60
Job_8137,44
Job_8138,2
Job_8139,21
Job_8140,29
Job_8141,14
Job_8142,67
Job_8143,53
Job_8144,78
Job_8145,68
Job_8146,99
Job_8147,82
Job_8148,61
Job_8149,90
Job_8150,55
Job_8151,58
Job_8152,96
Job_8153,95
Job_8154,3
Job_8155,55
Job_8156,23
Job_8157,99
Job_8158,1
Job_8159,77
Job_8160,12
Job_8161,29
Job_8162,52
Job_8163,60
Job_8164,37
Job_8165,9
Job_8166,53
Job_8167,45
Job_8168,1
Job_8169,81
Job_8170,48
Job_8171,18
Job_8172,56
Job_8173,85
Job_8174,63
Job_8175,2
Job_8176,6
Job_8177,57
Job_8178,96
Job_8179,73
Job_8180,89
Job_8181,88
Job_8182,63
Job_8183,2
Job_8184,76
Job_8185,64
Job_8186,97
Job_8187,25
Job_8188,82
Job_8189,37
Job_8190,26
Job_8191,34
Job_8192,13
Job_8193,99
Job_8194,99
Job_8195,93
Job_8196,39
Job_8197,71
Job_8198,66
Job_8199,66
Job_8200,34
Job_8201,2
Job_8202,80
Job_8203,31
Job_8204,23
Job_8205,73
Job_8206,90
Job_8207,52
Job_8208,53
Job_8209,1
Job_8210,77
Job_8211,94
Job_8212,90
Job_8213,91
Job_8214,60
Job_8215,53
Job_8216,47
Job_8217,13
Job_8218,82
Job_8219,98
Job_8220,93
Job_8221,54
Job_8222,39
Job_8223,55
Job_8224,35
Job_8225,14
Job_8226,41
Job_8227,25
Job_8228,3
Job_8229,19
Job_8230,61
Job_8231,32
Job_8232,43
Job_8233,81
Job_8234,12
Job_8235,48
Job_8236,89
Job_8237,52
Job_8238,25
Job_8239,17
Job_8240,62
Job_8241,65
Job_8242,33
Job_8243,60
Job_8244,13
Job_8245,43
Job_8246,20
Job_8247,72
Job_8248,92
Job_8249,51
Job_8250,92
Job_8251,17
Job_8252,58
Job_8253,68
Job_8254,69
Job_8255,40
Job_8256,52
Job_8257,50
Job_8258,76
Job_8259,28
Job_8260,63
Job_8261,94
Job_8262,23
Job_8263,62
Job_8264,33
Job_8265,12
Job_8266,57
Job_8267,45
Job_8268,96
Job_8269,26
Job_8270,98
Job_8271,18
Job_8272,48
Job_8273,44
Job_8274,68
Job_8275,5
Job_8276,59
Job_8277,44
Job_8278,71
Job_8279,3
Job_8280,71
Job_8281,32
Job_8282,50
Job_8283,51
Job_8284,79
Job_8285,67
Job_8286,28
Job_8287,28
Job_8288,79
Job_8289,5
Job_8290,56
Job_8291,88
Job_8292,23
Job_8293,93
Job_8294,58
Job_8295,37
Job_8296,98
Job_8297,46
Job_8298,5
Job_8299,81
Job_8300,16
Job_8301,36
Job_8302,63
Job_8303,79
Job_8304,28
Job_8305,60
Job_8306,1
Job_8307,54
Job_8308,91
Job_8309,9
Job_8310,32
Job_8311,82
Job_8312,37
Job_8313,15
Job_8314,70
Job_8315,27
Job_8316,92
Job_8317,79
Job_8318,49
Job_8319,58
Job_8320,93
Job_8321,18
Job_8322,35
Job_8323,34
Job_8324,73
Job_8325,19
Job_8326,49
Job_8327,81
Job_8328,30
Job_8329,14
Job_8330,16
Job_8331,60
Job_8332,29
Job_8333,69
Job_8334,20
Job_8335,58
Job_8336,84
Job_8337,36
Job_8338,17
Job_8339,83
Job_8340,31
Job_8341,33
Job_8342,61
Job_8343,35
Job_8344,22
Job_8345,55
Job_8346,70
Job_8347,50
Job_8348,75
Job_8349,42
Job_8350,80
Job_8351,48
Job_8352,15
Job_8353,51
Job_8354,83
Job_8355,3
Job_8356,41
Job_8357,29
Job_8358,66
Job_8359,14
Job_8360,24
Job_8361,64
Job_8362,29
Job_8363,16
Job_8364,93
Job_8365,45
Job_8366,30
Job_8367,78
Job_8368,67
Job_8369,6
Job_8370,66
Job_8371,39
Job_8372,86
Job_8373,66
Job_8374,4
Job_8375,6
Job_8376,96
Job_8377,88
Job_8378,13
Job_8379,41
Job_8380,94
Job_8381,31
Job_8382,98
Job_8383,44
Job_8384,56
Job_8385,24
Job_8386,21
Job_8387,88
Job_8388,98
Job_8389,85
Job_8390,57
Job_8391,66
Job_8392,44
Job_8393,40
Job_8394,1
Job_8395,39
Job_8396,50
Job_8397,93
Job_8398,2
Job_8399,65
Job_8400,40
Job_8401,49
Job_8402,77
Job_8403,22
Job_8404,97
Job_8405,76
Job_8406,100
Job_8407,99
Job_8408,73
Job_8409,41
Job_8410,38
Job_8411,35
Job_8412,33
Job_8413,13
Job_8414,87
Job_8415,53
Job_8416,34
Job_8417,91
Job_8418,47
Job_8419,34
Job_8420,82
Job_8421,77
Job_8422,64
Job_8423,62
Job_8424,36
Job_8425,88
Job_8426,1
Job_8427,57
Job_8428,29
Job_8429,9
Job_8430,9
Job_8431,10
Job_8432,45
Job_8433,52
Job_8434,45
Job_8435,71
Job_8436,17
Job_8437,100
Job_8438,88
Job_8439,90
Job_8440,3
Job_8441,25
Job_8442,5
Job_8443,56
Job_8444,47
Job_8445,79
Job_8446,62
Job_8447,51
Job_8448,14
Job_8449,37
Job_8450,27
Job_8451,26
Job_8452,36
Job_8453,52
Job_8454,21
Job_8455,36
Job_8456,13
Job_8457,25
Job_8458,42
Job_8459,42
Job_8460,34
Job_8461,60
Job_8462,34
Job_8463,100
Job_8464,12
Job_8465,29
Job_8466,53
Job_8467,91
Job_8468,32
Job_8469,54
Job_8470,95
Job_8471,45
Job_8472,90
Job_8473,18
Job_8474,49
Job_8475,89
Job_8476,62
Job_8477,13
Job_8478,42
Job_8479,96
Job_8480,83
Job_8481,50
Job_8482,39
Job_8483,34
Job_8484,40
Job_8485,27
Job_8486,27
Job_8487,84
Job_8488,46
Job_8489,31
Job_8490,25
Job_8491,53
Job_8492,86
Job_8493,17
Job_8494,87
Job_8495,82
Job_8496,43
Job_8497,38
Job_8498,3
Job_8499,13
Job_8500,95
Job_8501,97
Job_8502,44
Job_8503,80
Job_8504,90
Job_8505,33
Job_8506,4
Job_8507,26
Job_8508,55
Job_8509,5
Job_8510,14
Job_8511,40
Job_8512,78
Job_8513,76
Job_8514,60
Job_8515,93
Job_8516,38
Job_8517,67
Job_8518,24
Job_8519,19
Job_8520,23
Job_8521,15
Job_8522,89
Job_8523,52
Job_8524,8
Job_8525,13
Job_8526,66
Job_8527,22
Job_8528,52
Job_8529,71
Job_8530,78
Job_8531,8
Job_8532,62
Job_8533,84
Job_8534,27
Job_8535,94
Job_8536,28
Job_8537,45
Job_8538,88
Job_8539,8
Job_8540,56
Job_8541,76
Job_8542,52
Job_8543,84
Job_8544,100
Job_8545,11
Job_8546,87
Job_8547,47
Job_8548,15
Job_8549,56
Job_8550,56
Job_8551,1
Job_8552,62
Job_8553,15
Job_8554,75
Job_8555,17
Job_8556,85
Job_8557,31
Job_8558,87
Job_8559,90
Job_8560,85
Job_8561,18
Job_8562,99
Job_8563,81
Job_8564,29
Job_8565,46
Job_8566,7
Job_8567,47
Job_8568,94
Job_8569,41
Job_8570,10
Job_8571,14
Job_8572,55
Job_8573,87
Job_8574,61
Job_8575,23
Job_8576,50
Job_8577,69
Job_8578,16
Job_8579,57
Job_8580,65
Job_8581,8
Job_8582,6
Job_8583,93
Job_8584,24
Job_8585,95
Job_8586,57
Job_8587,3
Job_8588,95
Job_8589,5
Job_8590,67
Job_8591,4
Job_8592,39
Job_8593,17
Job_8594,42
Job_8595,7
Job_8596,70
Job_8597,65
Job_8598,25
Job_8599,89
Job_8600,56
Job_8601,12
Job_8602,34
Job_8603,60
Job_8604,88
Job_8605,38
Job_8606,55
Job_8607,79
Job_8608,58
Job_8609,1
Job_8610,45
Job_8611,83
Job_8612,86
Job_8613,85
Job_8614,35
Job_8615,8
Job_8616,24
Job_8617,39
Job_8618,22
Job_8619,92
Job_8620,24
Job_8621,12
Job_8622,66
Job_8623,78
Job_8624,80
Job_8625,31
Job_8626,90
Job_8627,1
Job_8628,47
Job_8629,58
Job_8630,82
Job_8631,5
Job_8632,59
Job_8633,48
Job_8634,42
Job_8635,51
Job_8636,42
Job_8637,55
Job_8638,47
Job_8639,1
Job_8640,72
Job_8641,61
Job_8642,70
Job_8643,15
Job_8644,12
Job_8645,26
Job_8646,96
Job_8647,4
Job_8648,72
Job_8649,53
Job_8650,70
Job_8651,94
Job_8652,82
Job_8653,9
Job_8654,59
Job_8655,28
Job_8656,93
Job_8657,95
Job_8658,86
Job_8659,90
Job_8660,43
Job_8661,70
Job_8662,19
Job_8663,32
Job_8664,21
Job_8665,62
Job_8666,51
Job_8667,48
Job_8668,35
Job_8669,60
Job_8670,36
Job_8671,41
Job_8672,20
Job_8673,11
Job_8674,52
Job_8675,32
Job_8676,81
Job_8677,60
Job_8678,88
Job_8679,52
Job_8680,89
Job_8681,32
Job_8682,77
Job_8683,24
Job_8684,87
Job_8685,66
Job_8686,37
Job_8687,24
Job_8688,12
Job_8689,15
Job_8690,91
Job_8691,84
Job_8692,85
Job_8693,33
Job_8694,39
Job_8695,72
Job_8696,38
Job_8697,30
Job_8698,55
Job_8699,57
Job_8700,11
Job_8701,65
Job_8702,25
Job_8703,16
Job_8704,87
Job_8705,1
Job_8706,94
Job_8707,22
Job_8708,97
Job_8709,83
Job_8710,96
Job_8711,60
Job_8712,99
Job_8713,73
Job_8714,89
Job_8715,24
Job_8716,95
Job_8717,68
Job_8718,74
Job_8719,20
Job_8720,97
Job_8721,74
Job_8722,72
Job_8723,53
Job_8724,76
Job_8725,1
Job_8726,62
Job_8727,10
Job_8728,50
Job_8729,95
Job_8730,79
Job_8731,62
Job_8732,49
Job_8733,49
Job_8734,98
Job_8735,54
Job_8736,94
Job_8737,34
Job_8738,20
Job_8739,31
Job_8740,42
Job_8741,35
Job_8742,61
Job_8743,84
Job_8744,26
Job_8745,86
Job_8746,27
Job_8747,50
Job_8748,73
Job_8749,75
Job_8750,69
Job_8751,83
Job_8752,96
Job_8753,40
Job_8754,26
Job_8755,71
Job_8756,62
Job_8757,38
Job_8758,67
Job_8759,84
Job_8760,96
Job_8761,5
Job_8762,85
Job_8763,65
Job_8764,60
Job_8765,73
Job_8766,77
Job_8767,58
Job_8768,76
Job_8769,50
Job_8770,2
Job_8771,2
Job_8772,58
Job_8773,27
Job_8774,39
Job_8775,16
Job_8776,1
Job_8777,51
Job_8778,15
Job_8779,96
Job_8780,45
Job_8781,63
Job_8782,89
Job_8783,15
Job_8784,11
Job_8785,17
Job_8786,6
Job_8787,4
Job_8788,32
Job_8789,71
Job_8790,41
Job_8791,72
Job_8792,79
Job_8793,25
Job_8794,98
Job_8795,39
Job_8796,73
Job_8797,82
Job_8798,82
Job_8799,88
Job_8800,34
Job_8801,72
Job_8802,67
Job_8803,8
Job_8804,49
Job_8805,4
Job_8806,36
Job_8807,39
Job_8808,71
Job_8809,13
Job_8810,15
Job_8811,70
Job_8812,91
Job_8813,1
Job_8814,54
Job_8815,85
Job_8816,84
Job_8817,33
Job_8818,54
Job_8819,31
Job_8820,19
Job_8821,53
Job_8822,8
Job_8823,21
Job_8824,40
Job_8825,9
Job_8826,19
Job_8827,16
Job_8828,95
Job_8829,96
Job_8830,99
Job_8831,11
Job_8832,51
Job_8833,99
Job_8834,98
Job_8835,91
Job_8836,85
Job_8837,77
Job_8838,13
Job_8839,22
Job_8840,57
Job_8841,7
Job_8842,96
Job_8843,61
Job_8844,35
Job_8845,71
Job_8846,54
Job_8847,74
Job_8848,73
Job_8849,44
Job_8850,5
Job_8851,31
Job_8852,14
Job_8853,50
Job_8854,39
Job_8855,58
Job_8856,36
Job_8857,79
Job_8858,85
Job_8859,97
Job_8860,4
Job_8861,19
Job_8862,73
Job_8863,80
Job_8864,58
Job_8865,23
Job_8866,83
Job_8867,75
Job_8868,27
Job_8869,83
Job_8870,92
Job_8871,76
Job_8872,41
Job_8873,63
Job_8874,87
Job_8875,89
Job_8876,38
Job_8877,34
Job_8878,69
Job_8879,69
Job_8880,17
Job_8881,97
Job_8882,14
Job_8883,88
Job_8884,12
Job_8885,76
Job_8886,97
Job_8887,19
Job_8888,58
Job_8889,42
Job_8890,100
Job_8891,71
Job_8892,95
Job_8893,99
Job_8894,66
Job_8895,34
Job_8896,78
Job_8897,18
Job_8898,58
Job_8899,39
Job_8900,73
Job_8901,53
Job_8902,72
Job_8903,62
Job_8904,69
Job_8905,56
Job_8906,82
Job_8907,46
Job_8908,55
Job_8909,19
Job_8910,76
Job_8911,64
Job_8912,40
Job_8913,5
Job_8914,75
Job_8915,25
Job_8916,14
Job_8917,34
Job_8918,17
Job_8919,69
Job_8920,48
Job_8921,48
Job_8922,100
Job_8923,35
Job_8924,87
Job_8925,88
Job_8926,93
Job_8927,35
Job_8928,70
Job_8929,95
Job_8930,83
Job_8931,13
Job_8932,38
Job_8933,16
Job_8934,52
Job_8935,22
Job_8936,54
Job_8937,1
Job_8938,58
Job_8939,85
Job_8940,88
Job_8941,64
Job_8942,29
Job_8943,63
Job_8944,54
Job_8945,48
Job_8946,21
Job_8947,14
Job_8948,47
Job_8949,95
Job_8950,54
Job_8951,30
Job_8952,88
Job_8953,94
Job_8954,21
Job_8955,10
Job_8956,74
Job_8957,70
Job_8958,85
Job_8959,28
Job_8960,44
Job_8961,56
Job_8962,18
Job_8963,15
Job_8964,26
Job_8965,30
Job_8966,98
Job_8967,79
Job_8968,44
Job_8969,72
Job_8970,46
Job_8971,68
Job_8972,15
Job_8973,68
Job_8974,13
Job_8975,40
Job_8976,7
Job_8977,11
Job_8978,100
Job_8979,6
Job_8980,88
Job_8981,5
Job_8982,70
Job_8983,50
Job_8984,22
Job_8985,15
Job_8986,14
Job_8987,66
Job_8988,56
Job_8989,45
Job_8990,46
Job_8991,55
Job_8992,74
Job_8993,30
Job_8994,36
Job_8995,98
Job_8996,28
Job_8997,67
Job_8998,65
Job_8999,62
Job_9000,70
Job_9001,8
Job_9002,54
Job_9003,54
Job_9004,59
Job_9005,47
Job_9006,51
Job_9007,84
Job_9008,6
Job_9009,18
Job_9010,7
Job_9011,94
Job_9012,71
Job_9013,10
Job_9014,30
Job_9015,92
Job_9016,33
Job_9017,27
Job_9018,26
Job_9019,50
Job_9020,65
Job_9021,84
Job_9022,39
Job_9023,72
Job_9024,8
Job_9025,9
Job_9026,22
Job_9027,87
Job_9028,47
Job_9029,82
Job_9030,40
Job_9031,39
Job_9032,35
Job_9033,9
Job_9034,64
Job_9035,84
Job_9036,54
Job_9037,28
Job_9038,35
Job_9039,65
Job_9040,14
Job_9041,21
Job_9042,16
Job_9043,90
Job_9044,90
Job_9045,59
Job_9046,56
Job_9047,51
Job_9048,83
Job_9049,84
Job_9050,14
Job_9051,94
Job_9052,40
Job_9053,21
Job_9054,20
Job_9055,69
Job_9056,90
Job_9057,64
Job_9058,67
Job_9059,11
Job_9060,1
Job_9061,72
Job_9062,58
Job_9063,97
Job_9064,97
Job_9065,30
Job_9066,84
Job_9067,60
Job_9068,58
Job_9069,1
Job_9070,65
Job_9071,96
Job_9072,95
Job_9073,4
Job_9074,19
Job_9075,14
Job_9076,11
Job_9077,40
Job_9078,11
Job_9079,83
Job_9080,34
Job_9081,35
Job_9082,24
Job_9083,100
Job_9084,19
Job_9085,32
Job_9086,49
Job_9087,45
Job_9088,74
Job_9089,62
Job_9090,20
Job_9091,84
Job_9092,49
Job_9093,36
Job_9094,21
Job_9095,82
Job_9096,85
Job_9097,32
Job_9098,4
Job_9099,88
Job_9100,97
Job_9101,13
Job_9102,21
Job_9103,49
Job_9104,64
Job_9105,10
Job_9106,49
Job_9107,60
Job_9108,43
Job_9109,15
Job_9110,79
Job_9111,88
Job_9112,96
Job_9113,99
Job_9114,25
Job_9115,43
Job_9116,42
Job_9117,60
Job_9118,19
Job_9119,62
Job_9120,59
Job_9121,75
Job_9122,34
Job_9123,8
Job_9124,94
Job_9125,40
Job_9126,94
Job_9127,19
Job_9128,89
Job_9129,16
Job_9130,96
Job_9131,13
Job_9132,75
Job_9133,80
Job_9134,78
Job_9135,37
Job_9136,15
Job_9137,87
Job_9138,54
Job_9139,73
Job_9140,12
Job_9141,76
Job_9142,11
Job_9143,39
Job_9144,18
Job_9145,73
Job_9146,74
Job_9147,58
Job_9148,76
Job_9149,86
Job_9150,17
Job_9151,87
Job_9152,46
Job_9153,65
Job_9154,31
Job_9155,81
Job_9156,76
Job_9157,62
Job_9158,12
Job_9159,91
Job_9160,32
Job_9161,18
Job_9162,57
Job_9163,29
Job_9164,19
Job_9165,67
Job_9166,21
Job_9167,25
Job_9168,79
Job_9169,87
Job_9170,1
Job_9171,49
Job_9172,70
Job_9173,88
Job_9174,3
Job_9175,90
Job_9176,38
Job_9177,61
Job_9178,4
Job_9179,3
Job_9180,48
Job_9181,60
Job_9182,15
Job_9183,9
Job_9184,59
Job_9185,75
Job_9186,10
Job_9187,50
Job_9188,57
Job_9189,9
Job_9190,38
Job_9191,27
Job_9192,37
Job_9193,15
Job_9194,48
Job_9195,59
Job_9196,87
Job_9197,38
Job_9198,86
Job_9199,38
Job_9200,1
Job_9201,5
Job_9202,12
Job_9203,94
Job_9204,12
Job_9205,86
Job_9206,67
Job_9207,34
Job_9208,61
Job_9209,27
Job_9210,83
Job_9211,54
Job_9212,19
Job_9213,100
Job_9214,79
Job_9215,56
Job_9216,16
Job_9217,47
Job_9218,32
Job_9219,78
Job_9220,93
Job_9221,50
Job_9222,16
Job_9223,3
Job_9224,74
Job_9225,16
Job_9226,59
Job_9227,65
Job_9228,82
Job_9229,98
Job_9230,60
Job_9231,13
Job_9232,59
Job_9233,81
Job_9234,96
Job_9235,25
Job_9236,3
Job_9237,79
Job_9238,30
Job_9239,67
Job_9240,7
Job_9241,68
Job_9242,81
Job_9243,34
Job_9244,22
Job_9245,69
Job_9246,79
Job_9247,46
Job_9248,81
Job_9249,87
Job_9250,78
Job_9251,44
Job_9252,73
Job_9253,80
Job_9254,54
Job_9255,9
Job_9256,71
Job_9257,17
Job_9258,57
Job_9259,50
Job_9260,25
Job_9261,35
Job_9262,42
Job_9263,6
Job_9264,75
Job_9265,94
Job_9266,55
Job_9267,13
Job_9268,22
Job_9269,5
Job_9270,75
Job_9271,28
Job_9272,59
Job_9273,71
Job_9274,22
Job_9275,92
Job_9276,7
Job_9277,70
Job_9278,82
Job_9279,79
Job_9280,98
Job_9281,95
Job_9282,38
Job_9283,21
Job_9284,56
Job_9285,7
Job_9286,88
Job_9287,16
Job_9288,83
Job_9289,65
Job_9290,96
Job_9291,79
Job_9292,3
Job_9293,88
Job_9294,82
Job_9295,22
Job_9296,51
Job_9297,65
Job_9298,83
Job_9299,7
Job_9300,6
Job_9301,26
Job_9302,73
Job_9303,9
Job_9304,50
Job_9305,28
Job_9306,9
Job_9307,100
Job_9308,81
Job_9309,24
Job_9310,21
Job_9311,78
Job_9312,64
Job_9313,63
Job_9314,42
Job_9315,10
Job_9316,86
Job_9317,46
Job_9318,63
Job_9319,84
Job_9320,56
Job_9321,16
Job_9322,87
Job_9323,44
Job_9324,82
Job_9325,55
Job_9326,41
Job_9327,61
Job_9328,13
Job_9329,4
Job_9330,73
Job_9331,6
Job_9332,97
Job_9333,8
Job_9334,84
Job_9335,4
Job_9336,29
Job_9337,43
Job_9338,83
Job_9339,71
Job_9340,65
Job_9341,71
Job_9342,33
Job_9343,2
Job_9344,16
Job_9345,40
Job_9346,63
Job_9347,21
Job_9348,75
Job_9349,79
Job_9350,42
Job_9351,43
Job_9352,70
Job_9353,74
Job_9354,71
Job_9355,64
Job_9356,57
Job_9357,71
Job_9358,75
Job_9359,13
Job_9360,60
Job_9361,20
Job_9362,59
Job_9363,88
Job_9364,71
Job_9365,37
Job_9366,11
Job_9367,51
Job_9368,65
Job_9369,52
Job_9370,1
Job_9371,39
Job_9372,29
Job_9373,40
Job_9374,84
Job_9375,42
Job_9376,18
Job_9377,80
Job_9378,54
Job_9379,46
Job_9380,9
Job_9381,18
Job_9382,36
Job_9383,89
Job_9384,24
Job_9385,89
Job_9386,25
Job_9387,4
Job_9388,91
Job_9389,42
Job_9390,23
Job_9391,53
Job_9392,44
Job_9393,64
Job_9394,98
Job_9395,92
Job_9396,98
Job_9397,26
Job_9398,71
Job_9399,37
Job_9400,26
Job_9401,70
Job_9402,18
Job_9403,67
Job_9404,99
Job_9405,31
Job_9406,1
Job_9407,5
Job_9408,64
Job_9409,49
Job_9410,22
Job_9411,88
Job_9412,63
Job_9413,89
Job_9414,99
Job_9415,56
Job_9416,87
Job_9417,46
Job_9418,34
Job_9419,14
Job_9420,45
Job_9421,34
Job_9422,93
Job_9423,15
Job_9424,51
Job_9425,38
Job_9426,94
Job_9427,49
Job_9428,27
Job_9429,25
Job_9430,56
Job_9431,18
Job_9432,48
Job_9433,91
Job_9434,27
Job_9435,100
Job_9436,49
Job_9437,81
Job_9438,21
Job_9439,80
Job_9440,59
Job_9441,75
Job_9442,37
Job_9443,34
Job_9444,39
Job_9445,55
Job_9446,72
Job_9447,80
Job_9448,79
Job_9449,79
Job_9450,55
Job_9451,11
Job_9452,18
Job_9453,81
Job_9454,94
Job_9455,14
Job_9456,65
Job_9457,50
Job_9458,35
Job_9459,83
Job_9460,57
Job_9461,13
Job_9462,64
Job_9463,7
Job_9464,100
Job_9465,62
Job_9466,31
Job_9467,80
Job_9468,13
Job_9469,62
Job_9470,75
Job_9471,75
Job_9472,55
Job_9473,99
Job_9474,11
Job_9475,51
Job_9476,17
Job_9477,30
Job_9478,95
Job_9479,18
Job_9480,76
Job_9481,52
Job_9482,47
Job_9483,67
Job_9484,52
Job_9485,68
Job_9486,41
Job_9487,58
Job_9488,83
Job_9489,13
Job_9490,91
Job_9491,80
Job_9492,4
Job_9493,75
Job_9494,33
Job_9495,90
Job_9496,89
Job_9497,85
Job_9498,83
Job_9499,41
Job_9500,36
Job_9501,86
Job_9502,34
Job_9503,93
Job_9504,95
Job_9505,51
Job_9506,66
Job_9507,14
Job_9508,7
Job_9509,63
Job_9510,14
Job_9511,8
Job_9512,42
Job_9513,35
Job_9514,3
Job_9515,76
Job_9516,23
Job_9517,92
Job_9518,100
Job_9519,91
Job_9520,51
Job_9521,56
Job_9522,30
Job_9523,95
Job_9524,64
Job_9525,40
Job_9526,43
Job_9527,80
Job_9528,41
Job_9529,75
Job_9530,14
Job_9531,80
Job_9532,49
Job_9533,60
Job_9534,58
Job_9535,2
Job_9536,59
Job_9537,4
Job_9538,95
Job_9539,70
Job_9540,91
Job_9541,85
Job_9542,10
Job_9543,60
Job_9544,69
Job_9545,75
Job_9546,35
Job_9547,58
Job_9548,65
Job_9549,89
Job_9550,13
Job_9551,51
Job_9552,12
Job_9553,41
Job_9554,34
Job_9555,47
Job_9556,53
Job_9557,13
Job_9558,62
Job_9559,65
Job_9560,37
Job_9561,53
Job_9562,43
Job_9563,60
Job_9564,60
Job_9565,90
Job_9566,21
Job_9567,7
Job_9568,81
Job_9569,88
Job_9570,90
Job_9571,84
Job_9572,22
Job_9573,13
Job_9574,16
Job_9575,77
Job_9576,71
Job_9577,14
Job_9578,87
Job_9579,30
Job_9580,72
Job_9581,17
Job_9582,71
Job_9583,12
Job_9584,12
Job_9585,82
Job_9586,100
Job_9587,5
Job_9588,49
Job_9589,85
Job_9590,67
Job_9591,3
Job_9592,99
Job_9593,85
Job_9594,38
Job_9595,81
Job_9596,33
Job_9597,79
Job_9598,95
Job_9599,100
Job_9600,88
Job_9601,1
Job_9602,40
Job_9603,16
Job_9604,67
Job_9605,86
Job_9606,29
Job_9607,3
Job_9608,22
Job_9609,8
Job_9610,12
Job_9611,59
Job_9612,94
Job_9613,96
Job_9614,12
Job_9615,88
Job_9616,37
Job_9617,57
Job_9618,75
Job_9619,63
Job_9620,4
Job_9621,6
Job_9622,76
Job_9623,8
Job_9624,18
Job_9625,14
Job_9626,38
Job_9627,88
Job_9628,79
Job_9629,88
Job_9630,14
Job_9631,94
Job_9632,64
Job_9633,83
Job_9634,1
Job_9635,38
Job_9636,99
Job_9637,80
Job_9638,71
Job_9639,41
Job_9640,82
Job_9641,21
Job_9642,63
Job_9643,10
Job_9644,52
Job_9645,51
Job_9646,72
Job_9647,54
Job_9648,66
Job_9649,14
Job_9650,45
Job_9651,18
Job_9652,17
Job_9653,15
Job_9654,17
Job_9655,58
Job_9656,51
Job_9657,63
Job_9658,93
Job_9659,21
Job_9660,74
Job_9661,51
Job_9662,38
Job_9663,48
Job_9664,2
Job_9665,4
Job_9666,2
Job_9667,7
Job_9668,8
Job_9669,32
Job_9670,67
Job_9671,7
Job_9672,96
Job_9673,27
Job_9674,40
Job_9675,86
Job_9676,67
Job_9677,79
Job_9678,1
Job_9679,30
Job_9680,79
Job_9681,52
Job_9682,6
Job_9683,69
Job_9684,78
Job_9685,93
Job_9686,97
Job_9687,11
Job_9688,27
Job_9689,75
Job_9690,92
Job_9691,81
Job_9692,89
Job_9693,15
Job_9694,85
Job_9695,40
Job_9696,94
Job_9697,8
Job_9698,92
Job_9699,17
Job_9700,71
Job_9701,100
Job_9702,26
Job_9703,87
Job_9704,81
Job_9705,62
Job_9706,42
Job_9707,65
Job_9708,80
Job_9709,45
Job_9710,15
Job_9711,59
Job_9712,35
Job_9713,72
Job_9714,87
Job_9715,50
Job_9716,85
Job_9717,38
Job_9718,68
Job_9719,86
Job_9720,31
Job_9721,71
Job_9722,30
Job_9723,65
Job_9724,62
Job_9725,52
Job_9726,51
Job_9727,70
Job_9728,45
Job_9729,38
Job_9730,1
Job_9731,51
Job_9732,37
Job_9733,35
Job_9734,28
Job_9735,63
Job_9736,6
Job_9737,54
Job_9738,61
Job_9739,96
Job_9740,64
Job_9741,43
Job_9742,49
Job_9743,11
Job_9744,51
Job_9745,35
Job_9746,2
Job_9747,45
Job_9748,81
Job_9749,85
Job_9750,94
Job_9751,48
Job_9752,18
Job_9753,83
Job_9754,6
Job_9755,39
Job_9756,97
Job_9757,70
Job_9758,42
Job_9759,72
Job_9760,23
Job_9761,88
Job_9762,61
Job_9763,99
Job_9764,99
Job_9765,70
Job_9766,99
Job_9767,93
Job_9768,35
Job_9769,91
Job_9770,95
Job_9771,32
Job_9772,85
Job_9773,66
Job_9774,72
Job_9775,65
Job_9776,47
Job_9777,71
Job_9778,87
Job_9779,54
Job_9780,19
Job_9781,24
Job_9782,4
Job_9783,6
Job_9784,88
Job_9785,12
Job_9786,9
Job_9787,93
Job_9788,69
Job_9789,73
Job_9790,57
Job_9791,33
Job_9792,84
Job_9793,61
Job_9794,76
Job_9795,85
Job_9796,76
Job_9797,99
Job_9798,53
Job_9799,16
Job_9800,57
Job_9801,62
Job_9802,16
Job_9803,24
Job_9804,34
Job_9805,72
Job_9806,76
Job_9807,1
Job_9808,11
Job_9809,91
Job_9810,54
Job_9811,78
Job_9812,53
Job_9813,25
Job_9814,85
Job_9815,45
Job_9816,9
Job_9817,84
Job_9818,97
Job_9819,71
Job_9820,59
Job_9821,28
Job_9822,49
Job_9823,72
Job_9824,7
Job_9825,6
Job_9826,14
Job_9827,56
Job_9828,78
Job_9829,27
Job_9830,50
Job_9831,16
Job_9832,78
Job_9833,52
Job_9834,92
Job_9835,5
Job_9836,56
Job_9837,37
Job_9838,69
Job_9839,89
Job_9840,100
Job_9841,94
Job_9842,30
Job_9843,43
Job_9844,50
Job_9845,52
Job_9846,13
Job_9847,90
Job_9848,84
Job_9849,67
Job_9850,15
Job_9851,30
Job_9852,9
Job_9853,81
Job_9854,92
Job_9855,17
Job_9856,57
Job_9857,97
Job_9858,19
Job_9859,32
Job_9860,72
Job_9861,72
Job_9862,91
Job_9863,59
Job_9864,59
Job_9865,75
Job_9866,54
Job_9867,96
Job_9868,64
Job_9869,86
Job_9870,36
Job_9871,3
Job_9872,57
Job_9873,1
Job_9874,53
Job_9875,93
Job_9876,8
Job_9877,22
Job_9878,64
Job_9879,8
Job_9880,99
Job_9881,49
Job_9882,27
Job_9883,94
Job_9884,78
Job_9885,42
Job_9886,40
Job_9887,85
Job_9888,33
Job_9889,67
Job_9890,33
Job_9891,74
Job_9892,58
Job_9893,18
Job_9894,63
Job_9895,99
Job_9896,4
Job_9897,54
Job_9898,34
Job_9899,64
Job_9900,21
Job_9901,58
Job_9902,43
Job_9903,6
Job_9904,2
Job_9905,100
Job_9906,2
Job_9907,63
Job_9908,91
Job_9909,24
Job_9910,23
Job_9911,97
Job_9912,16
Job_9913,17
Job_9914,18
Job_9915,47
Job_9916,31
Job_9917,22
Job_9918,99
Job_9919,1
Job_9920,93
Job_9921,96
Job_9922,77
Job_9923,72
Job_9924,73
Job_9925,5
Job_9926,39
Job_9927,71
Job_9928,19
Job_9929,20
Job_9930,52
Job_9931,23
Job_9932,31
Job_9933,85
Job_9934,97
Job_9935,88
Job_9936,64
Job_9937,85
Job_9938,28
Job_9939,74
Job_9940,98
Job_9941,68
Job_9942,28
Job_9943,51
Job_9944,34
Job_9945,39
Job_9946,44
Job_9947,1
Job_9948,26
Job_9949,45
Job_9950,23
Job_9951,43
Job_9952,11
Job_9953,62
Job_9954,8
Job_9955,62
Job_9956,51
Job_9957,24
Job_9958,50
Job_9959,72
Job_9960,78
Job_9961,10
Job_9962,87
Job_9963,41
Job_9964,38
Job_9965,86
Job_9966,3
Job_9967,42
Job_9968,60
Job_9969,41
Job_9970,3
Job_9971,62
Job_9972,47
Job_9973,74
Job_9974,27
Job_9975,91
Job_9976,65
Job_9977,12
Job_9978,30
Job_9979,45
Job_9980,99
Job_9981,88
Job_9982,97
Job_9983,23
Job_9984,26
Job_9985,16
Job_9986,59
Job_9987,51
Job_9988,85
Job_9989,41
Job_9990,82
Job_9991,41
Job_9992,92
Job_9993,96
Job_9994,76
Job_9995,64
Job_9996,42
Job_9997,26
Job_9998,52
Job_9999,87
Job_10000,34
