num_proc,avg_exec_time,avg_final_cost
2,108.32791233062744,23541.0
4,96.87205338478088,23001.0
6,146.64587450027466,22080.0
8,265.7191786766052,22495.0
10,186.17396473884583,22331.0
12,325.1225748062134,22316.0
14,314.93904185295105,21221.0
